-- phpMyAdmin SQL Dump
-- version 5.1.1
-- https://www.phpmyadmin.net/
--
-- Host: localhost
-- Generation Time: Nov 13, 2022 at 11:59 PM
-- Server version: 10.4.22-MariaDB
-- PHP Version: 8.1.2

SET SQL_MODE = "NO_AUTO_VALUE_ON_ZERO";
START TRANSACTION;
SET time_zone = "+00:00";


/*!40101 SET @OLD_CHARACTER_SET_CLIENT=@@CHARACTER_SET_CLIENT */;
/*!40101 SET @OLD_CHARACTER_SET_RESULTS=@@CHARACTER_SET_RESULTS */;
/*!40101 SET @OLD_COLLATION_CONNECTION=@@COLLATION_CONNECTION */;
/*!40101 SET NAMES utf8mb4 */;

--
-- Database: `ubuntunet`
--

-- --------------------------------------------------------

--
-- Table structure for table `activity_log`
--

CREATE TABLE `activity_log` (
  `id` bigint(20) UNSIGNED NOT NULL,
  `log_name` varchar(255) COLLATE utf8mb4_unicode_ci DEFAULT NULL,
  `description` text COLLATE utf8mb4_unicode_ci NOT NULL,
  `subject_type` varchar(255) COLLATE utf8mb4_unicode_ci DEFAULT NULL,
  `subject_id` bigint(20) UNSIGNED DEFAULT NULL,
  `causer_type` varchar(255) COLLATE utf8mb4_unicode_ci DEFAULT NULL,
  `causer_id` bigint(20) UNSIGNED DEFAULT NULL,
  `properties` longtext CHARACTER SET utf8mb4 COLLATE utf8mb4_bin DEFAULT NULL CHECK (json_valid(`properties`)),
  `batch_uuid` char(36) COLLATE utf8mb4_unicode_ci DEFAULT NULL,
  `event` varchar(255) COLLATE utf8mb4_unicode_ci DEFAULT NULL,
  `created_at` timestamp NULL DEFAULT NULL,
  `updated_at` timestamp NULL DEFAULT NULL
) ENGINE=InnoDB DEFAULT CHARSET=utf8mb4 COLLATE=utf8mb4_unicode_ci;

--
-- Dumping data for table `activity_log`
--

INSERT INTO `activity_log` (`id`, `log_name`, `description`, `subject_type`, `subject_id`, `causer_type`, `causer_id`, `properties`, `batch_uuid`, `event`, `created_at`, `updated_at`) VALUES
(110, 'default', 'updated', 'App\\Models\\User', 1, 'App\\Models\\User', 1, '[]', NULL, 'updated', '2022-11-10 10:52:48', '2022-11-10 10:52:48'),
(111, 'default', 'updated', 'App\\Models\\User', 1, 'App\\Models\\User', 1, '[]', NULL, 'updated', '2022-11-10 11:01:10', '2022-11-10 11:01:10'),
(112, 'default', 'updated', 'App\\Models\\User', 1, 'App\\Models\\User', 1, '[]', NULL, 'updated', '2022-11-10 13:20:04', '2022-11-10 13:20:04'),
(113, 'default', 'updated', 'App\\Models\\User', 1, 'App\\Models\\User', 1, '[]', NULL, 'updated', '2022-11-13 11:53:44', '2022-11-13 11:53:44'),
(114, 'default', 'updated', 'App\\Models\\User', 1, 'App\\Models\\User', 1, '[]', NULL, 'updated', '2022-11-13 12:31:05', '2022-11-13 12:31:05'),
(115, 'default', 'updated', 'App\\Models\\User', 1, 'App\\Models\\User', 1, '[]', NULL, 'updated', '2022-11-13 12:33:13', '2022-11-13 12:33:13'),
(116, 'default', 'updated', 'App\\Models\\User', 1, 'App\\Models\\User', 1, '[]', NULL, 'updated', '2022-11-13 12:45:45', '2022-11-13 12:45:45'),
(117, 'default', 'updated', 'App\\Models\\User', 1, 'App\\Models\\User', 1, '[]', NULL, 'updated', '2022-11-13 15:50:49', '2022-11-13 15:50:49'),
(118, 'default', 'updated', 'App\\Models\\User', 1, 'App\\Models\\User', 1, '[]', NULL, 'updated', '2022-11-13 16:26:35', '2022-11-13 16:26:35'),
(119, 'default', 'updated', 'App\\Models\\User', 1, 'App\\Models\\User', 1, '[]', NULL, 'updated', '2022-11-13 16:33:33', '2022-11-13 16:33:33'),
(120, 'default', 'updated', 'App\\Models\\User', 1, 'App\\Models\\User', 1, '[]', NULL, 'updated', '2022-11-13 16:45:15', '2022-11-13 16:45:15'),
(121, 'default', 'updated', 'App\\Models\\User', 1, 'App\\Models\\User', 1, '[]', NULL, 'updated', '2022-11-13 16:46:24', '2022-11-13 16:46:24');

-- --------------------------------------------------------

--
-- Table structure for table `answers`
--

CREATE TABLE `answers` (
  `id` bigint(20) UNSIGNED NOT NULL,
  `name` longtext COLLATE utf8mb4_unicode_ci NOT NULL,
  `questionid` varchar(255) COLLATE utf8mb4_unicode_ci NOT NULL,
  `surveyid` varchar(255) COLLATE utf8mb4_unicode_ci NOT NULL,
  `userid` varchar(255) COLLATE utf8mb4_unicode_ci NOT NULL,
  `created_at` timestamp NULL DEFAULT NULL,
  `updated_at` timestamp NULL DEFAULT NULL
) ENGINE=InnoDB DEFAULT CHARSET=utf8mb4 COLLATE=utf8mb4_unicode_ci;

--
-- Dumping data for table `answers`
--

INSERT INTO `answers` (`id`, `name`, `questionid`, `surveyid`, `userid`, `created_at`, `updated_at`) VALUES
(1, 'www.renu.ac.ug', '1', '22', '20', '2022-11-13 15:26:47', NULL),
(2, '2006', '2', '22', '20', '2022-11-13 15:26:47', NULL),
(3, 'RENU’s mission is to facilitate collaboration among Uganda’s Research and Education institutions for knowledge creation, sharing and utilisation, through the provision of advanced networking and other advanced technical services.', '3', '22', '20', '2022-11-13 15:26:47', NULL),
(4, 'N/A', '4', '22', '20', '2022-11-13 15:26:47', NULL),
(5, '[\"Other\"]', '10', '22', '20', '2022-11-13 15:26:47', NULL),
(6, 'Not-for-Profit Company limited by guarantee', '11', '22', '20', '2022-11-13 15:26:47', NULL),
(7, '[\"none\",\"empty\"]', '12', '22', '20', '2022-11-13 15:26:47', NULL),
(8, 'N/A', '14', '22', '20', '2022-11-13 15:26:47', NULL),
(9, 'Representatives from Universities & Research institutions, Communications Regulator, Research Regulator, Schools, Tertiary and Ministry of Education.', '15', '22', '20', '2022-11-13 15:26:47', NULL),
(10, 'N/A', '16', '22', '20', '2022-11-13 15:26:47', NULL),
(11, 'N/A', '17', '22', '20', '2022-11-13 15:26:47', NULL),
(12, 'N/A', '18', '22', '20', '2022-11-13 15:26:47', NULL),
(13, 'N/A', '19', '22', '20', '2022-11-13 15:26:47', NULL),
(14, '[\"none\",\"empty\"]', '20', '22', '20', '2022-11-13 15:26:47', NULL),
(15, '0', '21', '22', '20', '2022-11-13 15:26:47', NULL),
(16, '0', '22', '22', '20', '2022-11-13 15:26:47', NULL),
(17, '0', '23', '22', '20', '2022-11-13 15:26:47', NULL),
(18, '0', '24', '22', '20', '2022-11-13 15:26:47', NULL),
(19, 'N/A', '25', '22', '20', '2022-11-13 15:26:47', NULL),
(20, 'N/A', '26', '22', '20', '2022-11-13 15:26:47', NULL),
(21, 'N/A', '27', '22', '20', '2022-11-13 15:26:47', NULL),
(22, '[\"none\",\"empty\"]', '28', '22', '20', '2022-11-13 15:26:47', NULL),
(23, 'N/A', '29', '22', '20', '2022-11-13 15:26:47', NULL),
(24, '[\"none\",\"empty\"]', '31', '22', '20', '2022-11-13 15:26:47', NULL),
(25, 'N/A', '32', '22', '20', '2022-11-13 15:26:47', NULL),
(26, 'N/A', '33', '22', '20', '2022-11-13 15:26:47', NULL),
(27, 'N/A', '34', '22', '20', '2022-11-13 15:26:47', NULL),
(28, 'N/A', '35', '22', '20', '2022-11-13 15:26:47', NULL),
(29, '0', '36', '22', '20', '2022-11-13 15:26:47', NULL),
(30, '0', '37', '22', '20', '2022-11-13 15:26:47', NULL),
(31, '0', '38', '22', '20', '2022-11-13 15:26:47', NULL),
(32, '[\"none\",\"empty\"]', '39', '22', '20', '2022-11-13 15:26:47', NULL),
(33, 'N/A', '41', '22', '20', '2022-11-13 15:26:47', NULL),
(34, '0', '42', '22', '20', '2022-11-13 15:26:47', NULL),
(35, '0', '43', '22', '20', '2022-11-13 15:26:47', NULL),
(36, '[\"none\",\"empty\"]', '50', '22', '20', '2022-11-13 15:26:47', NULL),
(37, '0', '51', '22', '20', '2022-11-13 15:26:47', NULL),
(38, '0', '52', '22', '20', '2022-11-13 15:26:47', NULL),
(39, 'N/A', '53', '22', '20', '2022-11-13 15:26:47', NULL),
(40, '0', '54', '22', '20', '2022-11-13 15:26:47', NULL),
(41, '0', '55', '22', '20', '2022-11-13 15:26:47', NULL),
(42, '[\"none\",\"empty\"]', '56', '22', '20', '2022-11-13 15:26:47', NULL),
(43, 'N/A', '57', '22', '20', '2022-11-13 15:26:47', NULL),
(44, '[\"none\",\"empty\"]', '58', '22', '20', '2022-11-13 15:26:47', NULL),
(45, 'N/A', '59', '22', '20', '2022-11-13 15:26:47', NULL),
(46, 'N/A', '60', '22', '20', '2022-11-13 15:26:47', NULL),
(47, '[\"none\",\"empty\"]', '61', '22', '20', '2022-11-13 15:26:47', NULL),
(48, 'N/A', '62', '22', '20', '2022-11-13 15:26:47', NULL),
(49, '[\"none\",\"empty\"]', '63', '22', '20', '2022-11-13 15:26:47', NULL),
(50, 'N/A', '64', '22', '20', '2022-11-13 15:26:47', NULL),
(51, '[\"none\",\"empty\"]', '65', '22', '20', '2022-11-13 15:26:47', NULL),
(52, 'N/A', '66', '22', '20', '2022-11-13 15:26:47', NULL),
(53, '[\"none\",\"empty\"]', '67', '22', '20', '2022-11-13 15:26:47', NULL),
(54, 'N/A', '68', '22', '20', '2022-11-13 15:26:47', NULL),
(55, 'N/A', '69', '22', '20', '2022-11-13 15:26:47', NULL),
(56, 'N/A', '70', '22', '20', '2022-11-13 15:26:47', NULL),
(57, 'N/A', '80', '22', '20', '2022-11-13 15:26:47', NULL),
(58, 'N/A', '81', '22', '20', '2022-11-13 15:26:47', NULL),
(59, 'N/A', '82', '22', '20', '2022-11-13 15:26:47', NULL),
(60, '[\"none\",\"empty\"]', '83', '22', '20', '2022-11-13 15:26:47', NULL),
(61, 'N/A', '84', '22', '20', '2022-11-13 15:26:47', NULL),
(62, '[\"none\",\"empty\"]', '85', '22', '20', '2022-11-13 15:26:47', NULL),
(63, 'N/A', '86', '22', '20', '2022-11-13 15:26:47', NULL),
(64, 'N/A', '87', '22', '20', '2022-11-13 15:26:47', NULL),
(65, 'N/A', '88', '22', '20', '2022-11-13 15:26:47', NULL),
(66, '3940450', '89', '22', '20', '2022-11-13 15:26:47', NULL),
(67, '2766684', '90', '22', '20', '2022-11-13 15:26:47', NULL),
(68, '[\"Other sources (please specify)\"]', '91', '22', '20', '2022-11-13 15:26:47', NULL),
(69, 'Sales revenues', '92', '22', '20', '2022-11-13 15:26:47', NULL),
(70, '65', '93', '22', '20', '2022-11-13 15:26:47', NULL),
(71, '0', '96', '22', '20', '2022-11-13 15:26:47', NULL),
(72, '32', '97', '22', '20', '2022-11-13 15:26:47', NULL),
(73, '31', '98', '22', '20', '2022-11-13 15:26:47', NULL),
(74, '0', '99', '22', '20', '2022-11-13 15:26:47', NULL),
(75, '0', '100', '22', '20', '2022-11-13 15:26:47', NULL),
(76, '138', '101', '22', '20', '2022-11-13 15:26:47', NULL),
(77, '0', '102', '22', '20', '2022-11-13 15:26:47', NULL),
(78, '33', '103', '22', '20', '2022-11-13 15:26:47', NULL),
(79, '31', '104', '22', '20', '2022-11-13 15:26:47', NULL),
(80, '0', '105', '22', '20', '2022-11-13 15:26:47', NULL),
(81, '0', '106', '22', '20', '2022-11-13 15:26:47', NULL),
(82, '243', '107', '22', '20', '2022-11-13 15:26:47', NULL),
(83, '0', '108', '22', '20', '2022-11-13 15:26:47', NULL),
(84, '18', '109', '22', '20', '2022-11-13 15:26:47', NULL),
(85, '18', '110', '22', '20', '2022-11-13 15:26:47', NULL),
(86, '0', '111', '22', '20', '2022-11-13 15:26:47', NULL),
(87, '0', '112', '22', '20', '2022-11-13 15:26:47', NULL),
(88, '3000', '113', '22', '20', '2022-11-13 15:26:47', NULL),
(89, '0', '114', '22', '20', '2022-11-13 15:26:47', NULL),
(90, '64', '115', '22', '20', '2022-11-13 15:26:47', NULL),
(91, '63', '116', '22', '20', '2022-11-13 15:26:47', NULL),
(92, '0', '117', '22', '20', '2022-11-13 15:26:47', NULL),
(93, '0', '118', '22', '20', '2022-11-13 15:26:47', NULL),
(94, '20000', '119', '22', '20', '2022-11-13 15:26:47', NULL),
(95, '0', '120', '22', '20', '2022-11-13 15:26:47', NULL),
(96, '7', '121', '22', '20', '2022-11-13 15:26:47', NULL),
(97, '7', '122', '22', '20', '2022-11-13 15:26:47', NULL),
(98, '0', '123', '22', '20', '2022-11-13 15:26:47', NULL),
(99, '0', '124', '22', '20', '2022-11-13 15:26:47', NULL),
(100, '112', '125', '22', '20', '2022-11-13 15:26:47', NULL),
(101, '0', '126', '22', '20', '2022-11-13 15:26:47', NULL),
(102, '0', '127', '22', '20', '2022-11-13 15:26:47', NULL),
(103, '0', '128', '22', '20', '2022-11-13 15:26:47', NULL),
(104, '0', '129', '22', '20', '2022-11-13 15:26:47', NULL),
(105, '0', '130', '22', '20', '2022-11-13 15:26:47', NULL),
(106, '87', '131', '22', '20', '2022-11-13 15:26:47', NULL),
(107, '0', '132', '22', '20', '2022-11-13 15:26:47', NULL),
(108, '6', '133', '22', '20', '2022-11-13 15:26:47', NULL),
(109, '6', '134', '22', '20', '2022-11-13 15:26:47', NULL),
(110, '0', '135', '22', '20', '2022-11-13 15:26:47', NULL),
(111, '0', '136', '22', '20', '2022-11-13 15:26:47', NULL),
(112, '10000', '137', '22', '20', '2022-11-13 15:26:47', NULL),
(113, '0', '138', '22', '20', '2022-11-13 15:26:47', NULL),
(114, '7', '139', '22', '20', '2022-11-13 15:26:47', NULL),
(115, '7', '140', '22', '20', '2022-11-13 15:26:47', NULL),
(116, '0', '141', '22', '20', '2022-11-13 15:26:47', NULL),
(117, '0', '142', '22', '20', '2022-11-13 15:26:47', NULL),
(118, '0', '143', '22', '20', '2022-11-13 15:26:47', NULL),
(119, '0', '144', '22', '20', '2022-11-13 15:26:47', NULL),
(120, '0', '145', '22', '20', '2022-11-13 15:26:47', NULL),
(121, '0', '146', '22', '20', '2022-11-13 15:26:47', NULL),
(122, '0', '147', '22', '20', '2022-11-13 15:26:47', NULL),
(123, '0', '148', '22', '20', '2022-11-13 15:26:47', NULL),
(124, 'www.maren.ac.mw', '1', '22', '21', '2022-11-13 15:43:47', NULL),
(125, '2007', '2', '22', '21', '2022-11-13 15:43:47', NULL),
(126, 'The constitution is under review.', '3', '22', '21', '2022-11-13 15:43:47', NULL),
(127, 'N/A', '4', '22', '21', '2022-11-13 15:43:47', NULL),
(128, '[\"none\",\"empty\"]', '10', '22', '21', '2022-11-13 15:43:47', NULL),
(129, 'N/A', '11', '22', '21', '2022-11-13 15:43:47', NULL),
(130, '[\"none\",\"empty\"]', '12', '22', '21', '2022-11-13 15:43:47', NULL),
(131, 'N/A', '14', '22', '21', '2022-11-13 15:43:47', NULL),
(132, 'The Board is elected at the AGM. Board members come from the Universities\' headship (Vice Chancellors, registrars other senior academic administrators)', '15', '22', '21', '2022-11-13 15:43:47', NULL),
(133, 'N/A', '16', '22', '21', '2022-11-13 15:43:47', NULL),
(134, 'N/A', '17', '22', '21', '2022-11-13 15:43:47', NULL),
(135, 'N/A', '18', '22', '21', '2022-11-13 15:43:47', NULL),
(136, 'N/A', '19', '22', '21', '2022-11-13 15:43:47', NULL),
(137, '[\"none\",\"empty\"]', '20', '22', '21', '2022-11-13 15:43:47', NULL),
(138, '0', '21', '22', '21', '2022-11-13 15:43:47', NULL),
(139, '0', '22', '22', '21', '2022-11-13 15:43:47', NULL),
(140, '0', '23', '22', '21', '2022-11-13 15:43:47', NULL),
(141, '0', '24', '22', '21', '2022-11-13 15:43:47', NULL),
(142, 'N/A', '25', '22', '21', '2022-11-13 15:43:47', NULL),
(143, 'N/A', '26', '22', '21', '2022-11-13 15:43:47', NULL),
(144, 'N/A', '27', '22', '21', '2022-11-13 15:43:47', NULL),
(145, '[\"none\",\"empty\"]', '28', '22', '21', '2022-11-13 15:43:47', NULL),
(146, 'N/A', '29', '22', '21', '2022-11-13 15:43:47', NULL),
(147, '[\"none\",\"empty\"]', '31', '22', '21', '2022-11-13 15:43:47', NULL),
(148, 'N/A', '32', '22', '21', '2022-11-13 15:43:47', NULL),
(149, 'N/A', '33', '22', '21', '2022-11-13 15:43:47', NULL),
(150, 'N/A', '34', '22', '21', '2022-11-13 15:43:47', NULL),
(151, 'N/A', '35', '22', '21', '2022-11-13 15:43:47', NULL),
(152, '0', '36', '22', '21', '2022-11-13 15:43:48', NULL),
(153, '0', '37', '22', '21', '2022-11-13 15:43:48', NULL),
(154, '0', '38', '22', '21', '2022-11-13 15:43:48', NULL),
(155, '[\"none\",\"empty\"]', '39', '22', '21', '2022-11-13 15:43:48', NULL),
(156, 'N/A', '41', '22', '21', '2022-11-13 15:43:48', NULL),
(157, '0', '42', '22', '21', '2022-11-13 15:43:48', NULL),
(158, '0', '43', '22', '21', '2022-11-13 15:43:48', NULL),
(159, '[\"none\",\"empty\"]', '50', '22', '21', '2022-11-13 15:43:48', NULL),
(160, '0', '51', '22', '21', '2022-11-13 15:43:48', NULL),
(161, '0', '52', '22', '21', '2022-11-13 15:43:48', NULL),
(162, 'N/A', '53', '22', '21', '2022-11-13 15:43:48', NULL),
(163, '0', '54', '22', '21', '2022-11-13 15:43:48', NULL),
(164, '0', '55', '22', '21', '2022-11-13 15:43:48', NULL),
(165, '[\"none\",\"empty\"]', '56', '22', '21', '2022-11-13 15:43:48', NULL),
(166, 'N/A', '57', '22', '21', '2022-11-13 15:43:48', NULL),
(167, '[\"none\",\"empty\"]', '58', '22', '21', '2022-11-13 15:43:48', NULL),
(168, 'N/A', '59', '22', '21', '2022-11-13 15:43:48', NULL),
(169, 'N/A', '60', '22', '21', '2022-11-13 15:43:48', NULL),
(170, '[\"none\",\"empty\"]', '61', '22', '21', '2022-11-13 15:43:48', NULL),
(171, 'N/A', '62', '22', '21', '2022-11-13 15:43:48', NULL),
(172, '[\"none\",\"empty\"]', '63', '22', '21', '2022-11-13 15:43:48', NULL),
(173, 'N/A', '64', '22', '21', '2022-11-13 15:43:48', NULL),
(174, '[\"none\",\"empty\"]', '65', '22', '21', '2022-11-13 15:43:48', NULL),
(175, 'N/A', '66', '22', '21', '2022-11-13 15:43:48', NULL),
(176, '[\"none\",\"empty\"]', '67', '22', '21', '2022-11-13 15:43:48', NULL),
(177, 'N/A', '68', '22', '21', '2022-11-13 15:43:48', NULL),
(178, 'N/A', '69', '22', '21', '2022-11-13 15:43:48', NULL),
(179, 'N/A', '70', '22', '21', '2022-11-13 15:43:48', NULL),
(180, 'N/A', '80', '22', '21', '2022-11-13 15:43:48', NULL),
(181, 'N/A', '81', '22', '21', '2022-11-13 15:43:48', NULL),
(182, 'N/A', '82', '22', '21', '2022-11-13 15:43:48', NULL),
(183, '[\"none\",\"empty\"]', '83', '22', '21', '2022-11-13 15:43:48', NULL),
(184, 'N/A', '84', '22', '21', '2022-11-13 15:43:48', NULL),
(185, '[\"none\",\"empty\"]', '85', '22', '21', '2022-11-13 15:43:48', NULL),
(186, 'N/A', '86', '22', '21', '2022-11-13 15:43:48', NULL),
(187, 'N/A', '87', '22', '21', '2022-11-13 15:43:48', NULL),
(188, 'N/A', '88', '22', '21', '2022-11-13 15:43:48', NULL),
(189, '1327294.43', '89', '22', '21', '2022-11-13 15:43:48', NULL),
(190, '681000', '90', '22', '21', '2022-11-13 15:43:48', NULL),
(191, '[\"Other sources (please specify)\"]', '91', '22', '21', '2022-11-13 15:43:48', NULL),
(192, 'MAREN has been weaned from the Digital Malawi Project recently. Through the Project MAREN was given a grant which led to MAREN\'s operationalisation. At a recent review, MAREN has been given an additional US$2.5million to assist with growth. The additional money will be used for further investments.  MAREN\'s major revenue sources beyond the grants above is bandwidth sales which are charged at cost recovery.', '92', '22', '21', '2022-11-13 15:43:48', NULL),
(193, '43', '93', '22', '21', '2022-11-13 15:43:48', NULL),
(194, '0', '96', '22', '21', '2022-11-13 15:43:48', NULL),
(195, '6', '97', '22', '21', '2022-11-13 15:43:48', NULL),
(196, '20', '98', '22', '21', '2022-11-13 15:43:48', NULL),
(197, '0', '99', '22', '21', '2022-11-13 15:43:48', NULL),
(198, '0', '100', '22', '21', '2022-11-13 15:43:48', NULL),
(199, '60', '101', '22', '21', '2022-11-13 15:43:48', NULL),
(200, '0', '102', '22', '21', '2022-11-13 15:43:48', NULL),
(201, '1', '103', '22', '21', '2022-11-13 15:43:48', NULL),
(202, '2', '104', '22', '21', '2022-11-13 15:43:48', NULL),
(203, '0', '105', '22', '21', '2022-11-13 15:43:48', NULL),
(204, '0', '106', '22', '21', '2022-11-13 15:43:48', NULL),
(205, '36', '107', '22', '21', '2022-11-13 15:43:48', NULL),
(206, '0', '108', '22', '21', '2022-11-13 15:43:48', NULL),
(207, '5', '109', '22', '21', '2022-11-13 15:43:48', NULL),
(208, '0', '110', '22', '21', '2022-11-13 15:43:48', NULL),
(209, '0', '111', '22', '21', '2022-11-13 15:43:48', NULL),
(210, '0', '112', '22', '21', '2022-11-13 15:43:48', NULL),
(211, '0', '113', '22', '21', '2022-11-13 15:43:48', NULL),
(212, '0', '114', '22', '21', '2022-11-13 15:43:48', NULL),
(213, '0', '115', '22', '21', '2022-11-13 15:43:48', NULL),
(214, '0', '116', '22', '21', '2022-11-13 15:43:48', NULL),
(215, '0', '117', '22', '21', '2022-11-13 15:43:48', NULL),
(216, '0', '118', '22', '21', '2022-11-13 15:43:48', NULL),
(217, '0', '119', '22', '21', '2022-11-13 15:43:48', NULL),
(218, '0', '120', '22', '21', '2022-11-13 15:43:48', NULL),
(219, '0', '121', '22', '21', '2022-11-13 15:43:48', NULL),
(220, '0', '122', '22', '21', '2022-11-13 15:43:48', NULL),
(221, '0', '123', '22', '21', '2022-11-13 15:43:48', NULL),
(222, '0', '124', '22', '21', '2022-11-13 15:43:48', NULL),
(223, '0', '125', '22', '21', '2022-11-13 15:43:48', NULL),
(224, '0', '126', '22', '21', '2022-11-13 15:43:48', NULL),
(225, '0', '127', '22', '21', '2022-11-13 15:43:48', NULL),
(226, '0', '128', '22', '21', '2022-11-13 15:43:48', NULL),
(227, '0', '129', '22', '21', '2022-11-13 15:43:48', NULL),
(228, '0', '130', '22', '21', '2022-11-13 15:43:48', NULL),
(229, '0', '131', '22', '21', '2022-11-13 15:43:48', NULL),
(230, '0', '132', '22', '21', '2022-11-13 15:43:48', NULL),
(231, '0', '133', '22', '21', '2022-11-13 15:43:48', NULL),
(232, '0', '134', '22', '21', '2022-11-13 15:43:48', NULL),
(233, '0', '135', '22', '21', '2022-11-13 15:43:48', NULL),
(234, '0', '136', '22', '21', '2022-11-13 15:43:48', NULL),
(235, '0', '137', '22', '21', '2022-11-13 15:43:48', NULL),
(236, '0', '138', '22', '21', '2022-11-13 15:43:48', NULL),
(237, '0', '139', '22', '21', '2022-11-13 15:43:48', NULL),
(238, '0', '140', '22', '21', '2022-11-13 15:43:48', NULL),
(239, '0', '141', '22', '21', '2022-11-13 15:43:48', NULL),
(240, '0', '142', '22', '21', '2022-11-13 15:43:48', NULL),
(241, '0', '143', '22', '21', '2022-11-13 15:43:48', NULL),
(242, '0', '144', '22', '21', '2022-11-13 15:43:48', NULL),
(243, '0', '145', '22', '21', '2022-11-13 15:43:48', NULL),
(244, '0', '146', '22', '21', '2022-11-13 15:43:48', NULL),
(245, '0', '147', '22', '21', '2022-11-13 15:43:48', NULL),
(246, '0', '148', '22', '21', '2022-11-13 15:43:48', NULL),
(247, 'https://www.kenet.or.ke', '1', '22', '22', '2022-11-13 15:57:41', NULL),
(248, '2000', '2', '22', '22', '2022-11-13 15:57:41', NULL),
(249, '1. Trust Deed 2000\r\n2. First Supplemental Trust Deed 2013\r\n3. Second Supplemental Trust Deed 2020\r\n4. Board Charter 2019\r\n5. Membership Charter 2019\r\n6. Strategic Plan 2016 - 2021 - Transformation of education and research using ICT services', '3', '22', '22', '2022-11-13 15:57:41', NULL),
(250, 'N/A', '4', '22', '22', '2022-11-13 15:57:41', NULL),
(251, '[\"Other\"]', '10', '22', '22', '2022-11-13 15:57:41', NULL),
(252, 'Incorporated as a not-for-profit Trust under the Kenya Trust (Perpetual succession) Deed Cap. 164', '11', '22', '22', '2022-11-13 15:57:41', NULL),
(253, '[\"none\",\"empty\"]', '12', '22', '22', '2022-11-13 15:57:41', NULL),
(254, 'N/A', '14', '22', '22', '2022-11-13 15:57:41', NULL),
(255, 'Board of Trustees with 13 Trustees - 7 Vice Chancellors of Public (4) and private universities (3); CEO of a member research institute; Principal Secretary, Ministry of Education; CEO, ICT regulatory authority; Principal of a Member Tertiary college; 2 independent trustees drawn from the private sector.', '15', '22', '22', '2022-11-13 15:57:41', NULL),
(256, 'N/A', '16', '22', '22', '2022-11-13 15:57:41', NULL),
(257, 'N/A', '17', '22', '22', '2022-11-13 15:57:41', NULL),
(258, 'N/A', '18', '22', '22', '2022-11-13 15:57:41', NULL),
(259, 'N/A', '19', '22', '22', '2022-11-13 15:57:41', NULL),
(260, '[\"none\",\"empty\"]', '20', '22', '22', '2022-11-13 15:57:41', NULL),
(261, '0', '21', '22', '22', '2022-11-13 15:57:41', NULL),
(262, '0', '22', '22', '22', '2022-11-13 15:57:41', NULL),
(263, '0', '23', '22', '22', '2022-11-13 15:57:41', NULL),
(264, '0', '24', '22', '22', '2022-11-13 15:57:41', NULL),
(265, 'N/A', '25', '22', '22', '2022-11-13 15:57:41', NULL),
(266, 'N/A', '26', '22', '22', '2022-11-13 15:57:41', NULL),
(267, 'N/A', '27', '22', '22', '2022-11-13 15:57:41', NULL),
(268, '[\"none\",\"empty\"]', '28', '22', '22', '2022-11-13 15:57:41', NULL),
(269, 'N/A', '29', '22', '22', '2022-11-13 15:57:41', NULL),
(270, '[\"none\",\"empty\"]', '31', '22', '22', '2022-11-13 15:57:41', NULL),
(271, 'N/A', '32', '22', '22', '2022-11-13 15:57:41', NULL),
(272, 'N/A', '33', '22', '22', '2022-11-13 15:57:41', NULL),
(273, 'N/A', '34', '22', '22', '2022-11-13 15:57:41', NULL),
(274, 'N/A', '35', '22', '22', '2022-11-13 15:57:41', NULL),
(275, '0', '36', '22', '22', '2022-11-13 15:57:41', NULL),
(276, '0', '37', '22', '22', '2022-11-13 15:57:41', NULL),
(277, '0', '38', '22', '22', '2022-11-13 15:57:41', NULL),
(278, '[\"none\",\"empty\"]', '39', '22', '22', '2022-11-13 15:57:41', NULL),
(279, 'N/A', '41', '22', '22', '2022-11-13 15:57:41', NULL),
(280, '0', '42', '22', '22', '2022-11-13 15:57:41', NULL),
(281, '0', '43', '22', '22', '2022-11-13 15:57:41', NULL),
(282, '[\"none\",\"empty\"]', '50', '22', '22', '2022-11-13 15:57:41', NULL),
(283, '0', '51', '22', '22', '2022-11-13 15:57:41', NULL),
(284, '0', '52', '22', '22', '2022-11-13 15:57:41', NULL),
(285, 'N/A', '53', '22', '22', '2022-11-13 15:57:41', NULL),
(286, '0', '54', '22', '22', '2022-11-13 15:57:41', NULL),
(287, '0', '55', '22', '22', '2022-11-13 15:57:41', NULL),
(288, '[\"none\",\"empty\"]', '56', '22', '22', '2022-11-13 15:57:41', NULL),
(289, 'N/A', '57', '22', '22', '2022-11-13 15:57:41', NULL),
(290, '[\"none\",\"empty\"]', '58', '22', '22', '2022-11-13 15:57:41', NULL),
(291, 'N/A', '59', '22', '22', '2022-11-13 15:57:41', NULL),
(292, 'N/A', '60', '22', '22', '2022-11-13 15:57:41', NULL),
(293, '[\"none\",\"empty\"]', '61', '22', '22', '2022-11-13 15:57:41', NULL),
(294, 'N/A', '62', '22', '22', '2022-11-13 15:57:42', NULL),
(295, '[\"none\",\"empty\"]', '63', '22', '22', '2022-11-13 15:57:42', NULL),
(296, 'N/A', '64', '22', '22', '2022-11-13 15:57:42', NULL),
(297, '[\"none\",\"empty\"]', '65', '22', '22', '2022-11-13 15:57:42', NULL),
(298, 'N/A', '66', '22', '22', '2022-11-13 15:57:42', NULL),
(299, '[\"none\",\"empty\"]', '67', '22', '22', '2022-11-13 15:57:42', NULL),
(300, 'N/A', '68', '22', '22', '2022-11-13 15:57:42', NULL),
(301, 'N/A', '69', '22', '22', '2022-11-13 15:57:42', NULL),
(302, 'N/A', '70', '22', '22', '2022-11-13 15:57:42', NULL),
(303, 'N/A', '80', '22', '22', '2022-11-13 15:57:42', NULL),
(304, 'N/A', '81', '22', '22', '2022-11-13 15:57:42', NULL),
(305, 'N/A', '82', '22', '22', '2022-11-13 15:57:42', NULL),
(306, '[\"none\",\"empty\"]', '83', '22', '22', '2022-11-13 15:57:42', NULL),
(307, 'N/A', '84', '22', '22', '2022-11-13 15:57:42', NULL),
(308, '[\"none\",\"empty\"]', '85', '22', '22', '2022-11-13 15:57:42', NULL),
(309, 'N/A', '86', '22', '22', '2022-11-13 15:57:42', NULL),
(310, 'N/A', '87', '22', '22', '2022-11-13 15:57:42', NULL),
(311, 'N/A', '88', '22', '22', '2022-11-13 15:57:42', NULL),
(312, '10566235', '89', '22', '22', '2022-11-13 15:57:42', NULL),
(313, '2680500', '90', '22', '22', '2022-11-13 15:57:42', NULL),
(314, '[\"Other sources (please specify)\"]', '91', '22', '22', '2022-11-13 15:57:42', NULL),
(315, '1. Internet connectivity services 2. Enterprise services 3. Budget support by members through equipment and office space 4. research and capacity development grants', '92', '22', '22', '2022-11-13 15:57:42', NULL),
(316, '74', '93', '22', '22', '2022-11-13 15:57:42', NULL),
(317, '0', '96', '22', '22', '2022-11-13 15:57:42', NULL),
(318, '68', '97', '22', '22', '2022-11-13 15:57:42', NULL),
(319, '68', '98', '22', '22', '2022-11-13 15:57:42', NULL),
(320, '0', '99', '22', '22', '2022-11-13 15:57:42', NULL),
(321, '0', '100', '22', '22', '2022-11-13 15:57:42', NULL),
(322, '30', '101', '22', '22', '2022-11-13 15:57:42', NULL),
(323, '0', '102', '22', '22', '2022-11-13 15:57:42', NULL),
(324, '20', '103', '22', '22', '2022-11-13 15:57:42', NULL),
(325, '15', '104', '22', '22', '2022-11-13 15:57:42', NULL),
(326, '0', '105', '22', '22', '2022-11-13 15:57:42', NULL),
(327, '0', '106', '22', '22', '2022-11-13 15:57:42', NULL),
(328, '200', '107', '22', '22', '2022-11-13 15:57:42', NULL),
(329, '0', '108', '22', '22', '2022-11-13 15:57:42', NULL),
(330, '60', '109', '22', '22', '2022-11-13 15:57:42', NULL),
(331, '60', '110', '22', '22', '2022-11-13 15:57:42', NULL),
(332, '0', '111', '22', '22', '2022-11-13 15:57:42', NULL),
(333, '0', '112', '22', '22', '2022-11-13 15:57:42', NULL),
(334, '10000', '113', '22', '22', '2022-11-13 15:57:42', NULL),
(335, '0', '114', '22', '22', '2022-11-13 15:57:42', NULL),
(336, '0', '115', '22', '22', '2022-11-13 15:57:42', NULL),
(337, '5', '116', '22', '22', '2022-11-13 15:57:42', NULL),
(338, '0', '117', '22', '22', '2022-11-13 15:57:42', NULL),
(339, '0', '118', '22', '22', '2022-11-13 15:57:42', NULL),
(340, '30000', '119', '22', '22', '2022-11-13 15:57:42', NULL),
(341, '0', '120', '22', '22', '2022-11-13 15:57:42', NULL),
(342, '0', '121', '22', '22', '2022-11-13 15:57:42', NULL),
(343, '20', '122', '22', '22', '2022-11-13 15:57:42', NULL),
(344, '0', '123', '22', '22', '2022-11-13 15:57:42', NULL),
(345, '0', '124', '22', '22', '2022-11-13 15:57:42', NULL),
(346, '5', '125', '22', '22', '2022-11-13 15:57:42', NULL),
(347, '0', '126', '22', '22', '2022-11-13 15:57:42', NULL),
(348, '2', '127', '22', '22', '2022-11-13 15:57:42', NULL),
(349, '2', '128', '22', '22', '2022-11-13 15:57:42', NULL),
(350, '0', '129', '22', '22', '2022-11-13 15:57:42', NULL),
(351, '0', '130', '22', '22', '2022-11-13 15:57:42', NULL),
(352, '300', '131', '22', '22', '2022-11-13 15:57:42', NULL),
(353, '0', '132', '22', '22', '2022-11-13 15:57:42', NULL),
(354, '8', '133', '22', '22', '2022-11-13 15:57:42', NULL),
(355, '8', '134', '22', '22', '2022-11-13 15:57:42', NULL),
(356, '0', '135', '22', '22', '2022-11-13 15:57:42', NULL),
(357, '0', '136', '22', '22', '2022-11-13 15:57:42', NULL),
(358, '0', '137', '22', '22', '2022-11-13 15:57:42', NULL),
(359, '0', '138', '22', '22', '2022-11-13 15:57:42', NULL),
(360, '0', '139', '22', '22', '2022-11-13 15:57:42', NULL),
(361, '18', '140', '22', '22', '2022-11-13 15:57:42', NULL),
(362, '0', '141', '22', '22', '2022-11-13 15:57:42', NULL),
(363, '0', '142', '22', '22', '2022-11-13 15:57:42', NULL),
(364, '0', '143', '22', '22', '2022-11-13 15:57:42', NULL),
(365, '0', '144', '22', '22', '2022-11-13 15:57:42', NULL),
(366, '0', '145', '22', '22', '2022-11-13 15:57:42', NULL),
(367, '0', '146', '22', '22', '2022-11-13 15:57:42', NULL),
(368, '0', '147', '22', '22', '2022-11-13 15:57:42', NULL),
(369, '0', '148', '22', '22', '2022-11-13 15:57:42', NULL),
(370, 'www.zamren.zm', '1', '22', '23', '2022-11-13 18:51:37', NULL),
(371, 'N/A', '2', '22', '23', '2022-11-13 18:51:37', NULL),
(372, 'N/A', '3', '22', '23', '2022-11-13 18:51:37', NULL),
(373, 'N/A', '4', '22', '23', '2022-11-13 18:51:37', NULL),
(374, '[\"none\",\"empty\"]', '10', '22', '23', '2022-11-13 18:51:37', NULL),
(375, 'N/A', '11', '22', '23', '2022-11-13 18:51:37', NULL),
(376, '[\"none\",\"empty\"]', '12', '22', '23', '2022-11-13 18:51:37', NULL),
(377, 'N/A', '14', '22', '23', '2022-11-13 18:51:37', NULL),
(378, 'N/A', '15', '22', '23', '2022-11-13 18:51:37', NULL),
(379, 'N/A', '16', '22', '23', '2022-11-13 18:51:37', NULL),
(380, 'N/A', '17', '22', '23', '2022-11-13 18:51:37', NULL),
(381, 'N/A', '18', '22', '23', '2022-11-13 18:51:37', NULL),
(382, 'N/A', '19', '22', '23', '2022-11-13 18:51:37', NULL),
(383, '[\"none\",\"empty\"]', '20', '22', '23', '2022-11-13 18:51:37', NULL),
(384, '0', '21', '22', '23', '2022-11-13 18:51:37', NULL),
(385, '0', '22', '22', '23', '2022-11-13 18:51:37', NULL),
(386, '0', '23', '22', '23', '2022-11-13 18:51:37', NULL),
(387, '0', '24', '22', '23', '2022-11-13 18:51:37', NULL),
(388, 'N/A', '25', '22', '23', '2022-11-13 18:51:37', NULL),
(389, 'N/A', '26', '22', '23', '2022-11-13 18:51:37', NULL),
(390, 'N/A', '27', '22', '23', '2022-11-13 18:51:37', NULL),
(391, '[\"none\",\"empty\"]', '28', '22', '23', '2022-11-13 18:51:37', NULL),
(392, 'N/A', '29', '22', '23', '2022-11-13 18:51:37', NULL),
(393, '[\"none\",\"empty\"]', '31', '22', '23', '2022-11-13 18:51:37', NULL),
(394, 'N/A', '32', '22', '23', '2022-11-13 18:51:37', NULL),
(395, 'N/A', '33', '22', '23', '2022-11-13 18:51:37', NULL),
(396, 'N/A', '34', '22', '23', '2022-11-13 18:51:37', NULL),
(397, 'N/A', '35', '22', '23', '2022-11-13 18:51:37', NULL),
(398, '0', '36', '22', '23', '2022-11-13 18:51:37', NULL),
(399, '0', '37', '22', '23', '2022-11-13 18:51:37', NULL),
(400, '0', '38', '22', '23', '2022-11-13 18:51:37', NULL),
(401, '[\"none\",\"empty\"]', '39', '22', '23', '2022-11-13 18:51:37', NULL),
(402, 'N/A', '41', '22', '23', '2022-11-13 18:51:37', NULL),
(403, '0', '42', '22', '23', '2022-11-13 18:51:37', NULL),
(404, '0', '43', '22', '23', '2022-11-13 18:51:37', NULL),
(405, '[\"none\",\"empty\"]', '50', '22', '23', '2022-11-13 18:51:37', NULL),
(406, '0', '51', '22', '23', '2022-11-13 18:51:37', NULL),
(407, '0', '52', '22', '23', '2022-11-13 18:51:37', NULL),
(408, 'N/A', '53', '22', '23', '2022-11-13 18:51:38', NULL),
(409, '0', '54', '22', '23', '2022-11-13 18:51:38', NULL),
(410, '0', '55', '22', '23', '2022-11-13 18:51:38', NULL),
(411, '[\"none\",\"empty\"]', '56', '22', '23', '2022-11-13 18:51:38', NULL),
(412, 'N/A', '57', '22', '23', '2022-11-13 18:51:38', NULL),
(413, '[\"none\",\"empty\"]', '58', '22', '23', '2022-11-13 18:51:38', NULL),
(414, 'N/A', '59', '22', '23', '2022-11-13 18:51:38', NULL),
(415, 'N/A', '60', '22', '23', '2022-11-13 18:51:38', NULL),
(416, '[\"none\",\"empty\"]', '61', '22', '23', '2022-11-13 18:51:38', NULL),
(417, 'N/A', '62', '22', '23', '2022-11-13 18:51:38', NULL),
(418, '[\"none\",\"empty\"]', '63', '22', '23', '2022-11-13 18:51:38', NULL),
(419, 'N/A', '64', '22', '23', '2022-11-13 18:51:38', NULL),
(420, '[\"none\",\"empty\"]', '65', '22', '23', '2022-11-13 18:51:38', NULL),
(421, 'N/A', '66', '22', '23', '2022-11-13 18:51:38', NULL),
(422, '[\"none\",\"empty\"]', '67', '22', '23', '2022-11-13 18:51:38', NULL),
(423, 'N/A', '68', '22', '23', '2022-11-13 18:51:38', NULL),
(424, 'N/A', '69', '22', '23', '2022-11-13 18:51:38', NULL),
(425, 'N/A', '70', '22', '23', '2022-11-13 18:51:38', NULL),
(426, 'N/A', '80', '22', '23', '2022-11-13 18:51:38', NULL),
(427, 'N/A', '81', '22', '23', '2022-11-13 18:51:38', NULL),
(428, 'N/A', '82', '22', '23', '2022-11-13 18:51:38', NULL),
(429, '[\"none\",\"empty\"]', '83', '22', '23', '2022-11-13 18:51:38', NULL),
(430, 'N/A', '84', '22', '23', '2022-11-13 18:51:38', NULL),
(431, '[\"none\",\"empty\"]', '85', '22', '23', '2022-11-13 18:51:38', NULL),
(432, 'N/A', '86', '22', '23', '2022-11-13 18:51:38', NULL),
(433, 'N/A', '87', '22', '23', '2022-11-13 18:51:38', NULL),
(434, 'N/A', '88', '22', '23', '2022-11-13 18:51:38', NULL),
(435, '0', '89', '22', '23', '2022-11-13 18:51:38', NULL),
(436, '0', '90', '22', '23', '2022-11-13 18:51:38', NULL),
(437, '[\"none\",\"empty\"]', '91', '22', '23', '2022-11-13 18:51:38', NULL),
(438, 'N/A', '92', '22', '23', '2022-11-13 18:51:38', NULL),
(439, '0', '93', '22', '23', '2022-11-13 18:51:38', NULL),
(440, '0', '96', '22', '23', '2022-11-13 18:51:38', NULL),
(441, '0', '97', '22', '23', '2022-11-13 18:51:38', NULL),
(442, '0', '98', '22', '23', '2022-11-13 18:51:38', NULL),
(443, '0', '99', '22', '23', '2022-11-13 18:51:38', NULL),
(444, '0', '100', '22', '23', '2022-11-13 18:51:38', NULL),
(445, '0', '101', '22', '23', '2022-11-13 18:51:38', NULL),
(446, '0', '102', '22', '23', '2022-11-13 18:51:38', NULL),
(447, '0', '103', '22', '23', '2022-11-13 18:51:38', NULL),
(448, '0', '104', '22', '23', '2022-11-13 18:51:38', NULL),
(449, '0', '105', '22', '23', '2022-11-13 18:51:38', NULL),
(450, '0', '106', '22', '23', '2022-11-13 18:51:38', NULL),
(451, '0', '107', '22', '23', '2022-11-13 18:51:38', NULL),
(452, '0', '108', '22', '23', '2022-11-13 18:51:38', NULL),
(453, '0', '109', '22', '23', '2022-11-13 18:51:38', NULL),
(454, '0', '110', '22', '23', '2022-11-13 18:51:38', NULL),
(455, '0', '111', '22', '23', '2022-11-13 18:51:38', NULL),
(456, '0', '112', '22', '23', '2022-11-13 18:51:38', NULL),
(457, '0', '113', '22', '23', '2022-11-13 18:51:38', NULL),
(458, '0', '114', '22', '23', '2022-11-13 18:51:38', NULL),
(459, '0', '115', '22', '23', '2022-11-13 18:51:38', NULL),
(460, '0', '116', '22', '23', '2022-11-13 18:51:38', NULL),
(461, '0', '117', '22', '23', '2022-11-13 18:51:38', NULL),
(462, '0', '118', '22', '23', '2022-11-13 18:51:38', NULL),
(463, '0', '119', '22', '23', '2022-11-13 18:51:38', NULL),
(464, '0', '120', '22', '23', '2022-11-13 18:51:38', NULL),
(465, '0', '121', '22', '23', '2022-11-13 18:51:38', NULL),
(466, '0', '122', '22', '23', '2022-11-13 18:51:38', NULL),
(467, '0', '123', '22', '23', '2022-11-13 18:51:38', NULL),
(468, '0', '124', '22', '23', '2022-11-13 18:51:38', NULL),
(469, '0', '125', '22', '23', '2022-11-13 18:51:38', NULL),
(470, '0', '126', '22', '23', '2022-11-13 18:51:38', NULL),
(471, '0', '127', '22', '23', '2022-11-13 18:51:38', NULL),
(472, '0', '128', '22', '23', '2022-11-13 18:51:38', NULL),
(473, '0', '129', '22', '23', '2022-11-13 18:51:38', NULL),
(474, '0', '130', '22', '23', '2022-11-13 18:51:38', NULL),
(475, '0', '131', '22', '23', '2022-11-13 18:51:38', NULL),
(476, '0', '132', '22', '23', '2022-11-13 18:51:38', NULL),
(477, '0', '133', '22', '23', '2022-11-13 18:51:38', NULL),
(478, '0', '134', '22', '23', '2022-11-13 18:51:38', NULL),
(479, '0', '135', '22', '23', '2022-11-13 18:51:38', NULL),
(480, '0', '136', '22', '23', '2022-11-13 18:51:38', NULL),
(481, '0', '137', '22', '23', '2022-11-13 18:51:38', NULL),
(482, '0', '138', '22', '23', '2022-11-13 18:51:38', NULL),
(483, '0', '139', '22', '23', '2022-11-13 18:51:38', NULL),
(484, '0', '140', '22', '23', '2022-11-13 18:51:38', NULL),
(485, '0', '141', '22', '23', '2022-11-13 18:51:38', NULL),
(486, '0', '142', '22', '23', '2022-11-13 18:51:38', NULL),
(487, '0', '143', '22', '23', '2022-11-13 18:51:38', NULL),
(488, '0', '144', '22', '23', '2022-11-13 18:51:38', NULL),
(489, '0', '145', '22', '23', '2022-11-13 18:51:38', NULL),
(490, '0', '146', '22', '23', '2022-11-13 18:51:38', NULL),
(491, '0', '147', '22', '23', '2022-11-13 18:51:38', NULL),
(492, '0', '148', '22', '23', '2022-11-13 18:51:38', NULL),
(493, 'www.ternet.or.tz', '1', '22', '24', '2022-11-13 19:02:01', NULL),
(494, '2008', '2', '22', '24', '2022-11-13 19:02:01', NULL),
(495, 'N/A', '3', '22', '24', '2022-11-13 19:02:01', NULL),
(496, 'N/A', '4', '22', '24', '2022-11-13 19:02:01', NULL),
(497, '[\"Other\"]', '10', '22', '24', '2022-11-13 19:02:01', NULL),
(498, 'Public Trust registered-NGO', '11', '22', '24', '2022-11-13 19:02:01', NULL),
(499, '[\"none\",\"empty\"]', '12', '22', '24', '2022-11-13 19:02:01', NULL),
(500, 'N/A', '14', '22', '24', '2022-11-13 19:02:01', NULL),
(501, 'Government agency, private and public Institutions', '15', '22', '24', '2022-11-13 19:02:01', NULL),
(502, 'N/A', '16', '22', '24', '2022-11-13 19:02:01', NULL),
(503, 'N/A', '17', '22', '24', '2022-11-13 19:02:01', NULL),
(504, 'N/A', '18', '22', '24', '2022-11-13 19:02:01', NULL),
(505, 'N/A', '19', '22', '24', '2022-11-13 19:02:01', NULL),
(506, '[\"none\",\"empty\"]', '20', '22', '24', '2022-11-13 19:02:01', NULL),
(507, '0', '21', '22', '24', '2022-11-13 19:02:01', NULL),
(508, '0', '22', '22', '24', '2022-11-13 19:02:01', NULL),
(509, '0', '23', '22', '24', '2022-11-13 19:02:01', NULL),
(510, '0', '24', '22', '24', '2022-11-13 19:02:01', NULL),
(511, 'N/A', '25', '22', '24', '2022-11-13 19:02:01', NULL),
(512, 'N/A', '26', '22', '24', '2022-11-13 19:02:01', NULL),
(513, 'N/A', '27', '22', '24', '2022-11-13 19:02:01', NULL),
(514, '[\"none\",\"empty\"]', '28', '22', '24', '2022-11-13 19:02:01', NULL),
(515, 'N/A', '29', '22', '24', '2022-11-13 19:02:01', NULL),
(516, '[\"none\",\"empty\"]', '31', '22', '24', '2022-11-13 19:02:01', NULL),
(517, 'N/A', '32', '22', '24', '2022-11-13 19:02:01', NULL),
(518, 'N/A', '33', '22', '24', '2022-11-13 19:02:01', NULL),
(519, 'N/A', '34', '22', '24', '2022-11-13 19:02:01', NULL),
(520, 'N/A', '35', '22', '24', '2022-11-13 19:02:01', NULL),
(521, '0', '36', '22', '24', '2022-11-13 19:02:01', NULL),
(522, '0', '37', '22', '24', '2022-11-13 19:02:01', NULL),
(523, '0', '38', '22', '24', '2022-11-13 19:02:01', NULL),
(524, '[\"none\",\"empty\"]', '39', '22', '24', '2022-11-13 19:02:01', NULL),
(525, 'N/A', '41', '22', '24', '2022-11-13 19:02:01', NULL),
(526, '0', '42', '22', '24', '2022-11-13 19:02:01', NULL),
(527, '0', '43', '22', '24', '2022-11-13 19:02:01', NULL),
(528, '[\"none\",\"empty\"]', '50', '22', '24', '2022-11-13 19:02:01', NULL),
(529, '0', '51', '22', '24', '2022-11-13 19:02:01', NULL),
(530, '0', '52', '22', '24', '2022-11-13 19:02:01', NULL),
(531, 'N/A', '53', '22', '24', '2022-11-13 19:02:01', NULL),
(532, '0', '54', '22', '24', '2022-11-13 19:02:01', NULL),
(533, '0', '55', '22', '24', '2022-11-13 19:02:01', NULL),
(534, '[\"none\",\"empty\"]', '56', '22', '24', '2022-11-13 19:02:01', NULL),
(535, 'N/A', '57', '22', '24', '2022-11-13 19:02:01', NULL),
(536, '[\"none\",\"empty\"]', '58', '22', '24', '2022-11-13 19:02:01', NULL),
(537, 'N/A', '59', '22', '24', '2022-11-13 19:02:01', NULL),
(538, 'N/A', '60', '22', '24', '2022-11-13 19:02:01', NULL),
(539, '[\"none\",\"empty\"]', '61', '22', '24', '2022-11-13 19:02:01', NULL),
(540, 'N/A', '62', '22', '24', '2022-11-13 19:02:01', NULL),
(541, '[\"none\",\"empty\"]', '63', '22', '24', '2022-11-13 19:02:01', NULL),
(542, 'N/A', '64', '22', '24', '2022-11-13 19:02:01', NULL),
(543, '[\"none\",\"empty\"]', '65', '22', '24', '2022-11-13 19:02:01', NULL),
(544, 'N/A', '66', '22', '24', '2022-11-13 19:02:01', NULL),
(545, '[\"none\",\"empty\"]', '67', '22', '24', '2022-11-13 19:02:01', NULL),
(546, 'N/A', '68', '22', '24', '2022-11-13 19:02:01', NULL),
(547, 'N/A', '69', '22', '24', '2022-11-13 19:02:01', NULL),
(548, 'N/A', '70', '22', '24', '2022-11-13 19:02:01', NULL),
(549, 'N/A', '80', '22', '24', '2022-11-13 19:02:01', NULL),
(550, 'N/A', '81', '22', '24', '2022-11-13 19:02:01', NULL),
(551, 'N/A', '82', '22', '24', '2022-11-13 19:02:01', NULL),
(552, '[\"none\",\"empty\"]', '83', '22', '24', '2022-11-13 19:02:01', NULL),
(553, 'N/A', '84', '22', '24', '2022-11-13 19:02:01', NULL),
(554, '[\"none\",\"empty\"]', '85', '22', '24', '2022-11-13 19:02:01', NULL),
(555, 'N/A', '86', '22', '24', '2022-11-13 19:02:01', NULL),
(556, 'N/A', '87', '22', '24', '2022-11-13 19:02:01', NULL),
(557, 'N/A', '88', '22', '24', '2022-11-13 19:02:01', NULL),
(558, '552810.03', '89', '22', '24', '2022-11-13 19:02:01', NULL),
(559, '595793.2459', '90', '22', '24', '2022-11-13 19:02:01', NULL),
(560, '[\"Other sources (please specify)\"]', '91', '22', '24', '2022-11-13 19:02:01', NULL),
(561, 'member subscriptions and annual fees, bandwidth sales and software services', '92', '22', '24', '2022-11-13 19:02:01', NULL),
(562, '200', '93', '22', '24', '2022-11-13 19:02:01', NULL),
(563, '0', '96', '22', '24', '2022-11-13 19:02:01', NULL),
(564, '48', '97', '22', '24', '2022-11-13 19:02:01', NULL),
(565, '21', '98', '22', '24', '2022-11-13 19:02:01', NULL),
(566, '0', '99', '22', '24', '2022-11-13 19:02:01', NULL),
(567, '0', '100', '22', '24', '2022-11-13 19:02:01', NULL),
(568, '0', '101', '22', '24', '2022-11-13 19:02:01', NULL),
(569, '0', '102', '22', '24', '2022-11-13 19:02:01', NULL),
(570, '2', '103', '22', '24', '2022-11-13 19:02:01', NULL),
(571, '4', '104', '22', '24', '2022-11-13 19:02:01', NULL),
(572, '0', '105', '22', '24', '2022-11-13 19:02:01', NULL),
(573, '0', '106', '22', '24', '2022-11-13 19:02:01', NULL),
(574, '25', '107', '22', '24', '2022-11-13 19:02:01', NULL),
(575, '0', '108', '22', '24', '2022-11-13 19:02:01', NULL),
(576, '0', '109', '22', '24', '2022-11-13 19:02:01', NULL),
(577, '0', '110', '22', '24', '2022-11-13 19:02:01', NULL),
(578, '0', '111', '22', '24', '2022-11-13 19:02:01', NULL),
(579, '0', '112', '22', '24', '2022-11-13 19:02:01', NULL),
(580, '1', '113', '22', '24', '2022-11-13 19:02:01', NULL),
(581, '0', '114', '22', '24', '2022-11-13 19:02:01', NULL),
(582, '1', '115', '22', '24', '2022-11-13 19:02:01', NULL),
(583, '0', '116', '22', '24', '2022-11-13 19:02:01', NULL),
(584, '0', '117', '22', '24', '2022-11-13 19:02:01', NULL),
(585, '0', '118', '22', '24', '2022-11-13 19:02:01', NULL),
(586, '0', '119', '22', '24', '2022-11-13 19:02:01', NULL),
(587, '0', '120', '22', '24', '2022-11-13 19:02:01', NULL),
(588, '0', '121', '22', '24', '2022-11-13 19:02:01', NULL),
(589, '0', '122', '22', '24', '2022-11-13 19:02:01', NULL),
(590, '0', '123', '22', '24', '2022-11-13 19:02:01', NULL),
(591, '0', '124', '22', '24', '2022-11-13 19:02:01', NULL),
(592, '0', '125', '22', '24', '2022-11-13 19:02:01', NULL),
(593, '0', '126', '22', '24', '2022-11-13 19:02:01', NULL),
(594, '0', '127', '22', '24', '2022-11-13 19:02:01', NULL),
(595, '0', '128', '22', '24', '2022-11-13 19:02:01', NULL),
(596, '0', '129', '22', '24', '2022-11-13 19:02:01', NULL),
(597, '0', '130', '22', '24', '2022-11-13 19:02:01', NULL),
(598, '0', '131', '22', '24', '2022-11-13 19:02:01', NULL),
(599, '0', '132', '22', '24', '2022-11-13 19:02:01', NULL),
(600, '1', '133', '22', '24', '2022-11-13 19:02:01', NULL),
(601, '1', '134', '22', '24', '2022-11-13 19:02:01', NULL),
(602, '0', '135', '22', '24', '2022-11-13 19:02:01', NULL),
(603, '0', '136', '22', '24', '2022-11-13 19:02:01', NULL),
(604, '0', '137', '22', '24', '2022-11-13 19:02:01', NULL),
(605, '0', '138', '22', '24', '2022-11-13 19:02:01', NULL),
(606, '2', '139', '22', '24', '2022-11-13 19:02:01', NULL),
(607, '2', '140', '22', '24', '2022-11-13 19:02:01', NULL),
(608, '0', '141', '22', '24', '2022-11-13 19:02:01', NULL),
(609, '0', '142', '22', '24', '2022-11-13 19:02:01', NULL),
(610, '0', '143', '22', '24', '2022-11-13 19:02:01', NULL),
(611, '0', '144', '22', '24', '2022-11-13 19:02:02', NULL),
(612, '1', '145', '22', '24', '2022-11-13 19:02:02', NULL),
(613, '1', '146', '22', '24', '2022-11-13 19:02:02', NULL),
(614, '0', '147', '22', '24', '2022-11-13 19:02:02', NULL),
(615, '0', '148', '22', '24', '2022-11-13 19:02:02', NULL),
(616, 'http://sudren.edu.sd/index.php', '1', '22', '25', '2022-11-13 19:11:08', NULL),
(617, '2004', '2', '22', '25', '2022-11-13 19:11:08', NULL),
(618, 'N/A', '3', '22', '25', '2022-11-13 19:11:08', NULL),
(619, 'N/A', '4', '22', '25', '2022-11-13 19:11:08', NULL),
(620, '[\"none\",\"empty\"]', '10', '22', '25', '2022-11-13 19:11:08', NULL),
(621, 'N/A', '11', '22', '25', '2022-11-13 19:11:08', NULL),
(622, '[\"none\",\"empty\"]', '12', '22', '25', '2022-11-13 19:11:08', NULL),
(623, 'N/A', '14', '22', '25', '2022-11-13 19:11:08', NULL),
(624, 'Ongoing process to restablishing an institutional and governance framework for SudREN by registering it as an independent agency with its own Board of Directors', '15', '22', '25', '2022-11-13 19:11:08', NULL),
(625, 'N/A', '16', '22', '25', '2022-11-13 19:11:08', NULL),
(626, 'N/A', '17', '22', '25', '2022-11-13 19:11:08', NULL),
(627, 'N/A', '18', '22', '25', '2022-11-13 19:11:08', NULL),
(628, 'N/A', '19', '22', '25', '2022-11-13 19:11:08', NULL),
(629, '[\"none\",\"empty\"]', '20', '22', '25', '2022-11-13 19:11:08', NULL),
(630, '0', '21', '22', '25', '2022-11-13 19:11:08', NULL),
(631, '0', '22', '22', '25', '2022-11-13 19:11:08', NULL),
(632, '0', '23', '22', '25', '2022-11-13 19:11:08', NULL),
(633, '0', '24', '22', '25', '2022-11-13 19:11:08', NULL),
(634, 'N/A', '25', '22', '25', '2022-11-13 19:11:08', NULL),
(635, 'N/A', '26', '22', '25', '2022-11-13 19:11:08', NULL),
(636, 'N/A', '27', '22', '25', '2022-11-13 19:11:08', NULL),
(637, '[\"none\",\"empty\"]', '28', '22', '25', '2022-11-13 19:11:08', NULL),
(638, 'N/A', '29', '22', '25', '2022-11-13 19:11:08', NULL),
(639, '[\"none\",\"empty\"]', '31', '22', '25', '2022-11-13 19:11:08', NULL),
(640, 'N/A', '32', '22', '25', '2022-11-13 19:11:08', NULL),
(641, 'N/A', '33', '22', '25', '2022-11-13 19:11:08', NULL),
(642, 'N/A', '34', '22', '25', '2022-11-13 19:11:08', NULL),
(643, 'N/A', '35', '22', '25', '2022-11-13 19:11:08', NULL),
(644, '0', '36', '22', '25', '2022-11-13 19:11:08', NULL),
(645, '0', '37', '22', '25', '2022-11-13 19:11:08', NULL),
(646, '0', '38', '22', '25', '2022-11-13 19:11:08', NULL),
(647, '[\"none\",\"empty\"]', '39', '22', '25', '2022-11-13 19:11:08', NULL),
(648, 'N/A', '41', '22', '25', '2022-11-13 19:11:08', NULL),
(649, '0', '42', '22', '25', '2022-11-13 19:11:08', NULL),
(650, '0', '43', '22', '25', '2022-11-13 19:11:08', NULL),
(651, '[\"none\",\"empty\"]', '50', '22', '25', '2022-11-13 19:11:08', NULL),
(652, '0', '51', '22', '25', '2022-11-13 19:11:08', NULL),
(653, '0', '52', '22', '25', '2022-11-13 19:11:08', NULL),
(654, 'N/A', '53', '22', '25', '2022-11-13 19:11:08', NULL),
(655, '0', '54', '22', '25', '2022-11-13 19:11:08', NULL),
(656, '0', '55', '22', '25', '2022-11-13 19:11:08', NULL),
(657, '[\"none\",\"empty\"]', '56', '22', '25', '2022-11-13 19:11:08', NULL),
(658, 'N/A', '57', '22', '25', '2022-11-13 19:11:08', NULL),
(659, '[\"none\",\"empty\"]', '58', '22', '25', '2022-11-13 19:11:08', NULL),
(660, 'N/A', '59', '22', '25', '2022-11-13 19:11:08', NULL),
(661, 'N/A', '60', '22', '25', '2022-11-13 19:11:08', NULL),
(662, '[\"none\",\"empty\"]', '61', '22', '25', '2022-11-13 19:11:08', NULL),
(663, 'N/A', '62', '22', '25', '2022-11-13 19:11:08', NULL),
(664, '[\"none\",\"empty\"]', '63', '22', '25', '2022-11-13 19:11:08', NULL),
(665, 'N/A', '64', '22', '25', '2022-11-13 19:11:08', NULL),
(666, '[\"none\",\"empty\"]', '65', '22', '25', '2022-11-13 19:11:08', NULL),
(667, 'N/A', '66', '22', '25', '2022-11-13 19:11:08', NULL),
(668, '[\"none\",\"empty\"]', '67', '22', '25', '2022-11-13 19:11:08', NULL),
(669, 'N/A', '68', '22', '25', '2022-11-13 19:11:08', NULL),
(670, 'N/A', '69', '22', '25', '2022-11-13 19:11:08', NULL),
(671, 'N/A', '70', '22', '25', '2022-11-13 19:11:08', NULL),
(672, 'N/A', '80', '22', '25', '2022-11-13 19:11:08', NULL),
(673, 'N/A', '81', '22', '25', '2022-11-13 19:11:08', NULL),
(674, 'N/A', '82', '22', '25', '2022-11-13 19:11:08', NULL),
(675, '[\"none\",\"empty\"]', '83', '22', '25', '2022-11-13 19:11:08', NULL),
(676, 'N/A', '84', '22', '25', '2022-11-13 19:11:08', NULL),
(677, '[\"none\",\"empty\"]', '85', '22', '25', '2022-11-13 19:11:08', NULL),
(678, 'N/A', '86', '22', '25', '2022-11-13 19:11:08', NULL),
(679, 'N/A', '87', '22', '25', '2022-11-13 19:11:08', NULL),
(680, 'N/A', '88', '22', '25', '2022-11-13 19:11:08', NULL),
(681, '0', '89', '22', '25', '2022-11-13 19:11:08', NULL),
(682, '0', '90', '22', '25', '2022-11-13 19:11:08', NULL),
(683, '[\"none\",\"empty\"]', '91', '22', '25', '2022-11-13 19:11:08', NULL),
(684, 'N/A', '92', '22', '25', '2022-11-13 19:11:08', NULL),
(685, '95', '93', '22', '25', '2022-11-13 19:11:08', NULL),
(686, '0', '96', '22', '25', '2022-11-13 19:11:08', NULL),
(687, '93', '97', '22', '25', '2022-11-13 19:11:08', NULL),
(688, '93', '98', '22', '25', '2022-11-13 19:11:08', NULL),
(689, '0', '99', '22', '25', '2022-11-13 19:11:08', NULL),
(690, '0', '100', '22', '25', '2022-11-13 19:11:08', NULL),
(691, '20', '101', '22', '25', '2022-11-13 19:11:08', NULL),
(692, '0', '102', '22', '25', '2022-11-13 19:11:08', NULL),
(693, '10', '103', '22', '25', '2022-11-13 19:11:08', NULL),
(694, '10', '104', '22', '25', '2022-11-13 19:11:08', NULL),
(695, '0', '105', '22', '25', '2022-11-13 19:11:08', NULL),
(696, '0', '106', '22', '25', '2022-11-13 19:11:08', NULL),
(697, '50', '107', '22', '25', '2022-11-13 19:11:08', NULL),
(698, '0', '108', '22', '25', '2022-11-13 19:11:08', NULL),
(699, '0', '109', '22', '25', '2022-11-13 19:11:08', NULL),
(700, '0', '110', '22', '25', '2022-11-13 19:11:08', NULL),
(701, '0', '111', '22', '25', '2022-11-13 19:11:08', NULL),
(702, '0', '112', '22', '25', '2022-11-13 19:11:08', NULL),
(703, '2000', '113', '22', '25', '2022-11-13 19:11:08', NULL),
(704, '0', '114', '22', '25', '2022-11-13 19:11:08', NULL),
(705, '0', '115', '22', '25', '2022-11-13 19:11:08', NULL),
(706, '0', '116', '22', '25', '2022-11-13 19:11:08', NULL),
(707, '0', '117', '22', '25', '2022-11-13 19:11:08', NULL),
(708, '0', '118', '22', '25', '2022-11-13 19:11:08', NULL),
(709, '2000', '119', '22', '25', '2022-11-13 19:11:08', NULL),
(710, '0', '120', '22', '25', '2022-11-13 19:11:08', NULL),
(711, '0', '121', '22', '25', '2022-11-13 19:11:08', NULL),
(712, '0', '122', '22', '25', '2022-11-13 19:11:08', NULL),
(713, '0', '123', '22', '25', '2022-11-13 19:11:08', NULL),
(714, '0', '124', '22', '25', '2022-11-13 19:11:08', NULL),
(715, '100', '125', '22', '25', '2022-11-13 19:11:08', NULL),
(716, '0', '126', '22', '25', '2022-11-13 19:11:08', NULL),
(717, '0', '127', '22', '25', '2022-11-13 19:11:08', NULL),
(718, '0', '128', '22', '25', '2022-11-13 19:11:08', NULL),
(719, '0', '129', '22', '25', '2022-11-13 19:11:08', NULL),
(720, '0', '130', '22', '25', '2022-11-13 19:11:08', NULL),
(721, '100', '131', '22', '25', '2022-11-13 19:11:08', NULL),
(722, '0', '132', '22', '25', '2022-11-13 19:11:08', NULL),
(723, '0', '133', '22', '25', '2022-11-13 19:11:08', NULL),
(724, '0', '134', '22', '25', '2022-11-13 19:11:08', NULL),
(725, '0', '135', '22', '25', '2022-11-13 19:11:09', NULL),
(726, '0', '136', '22', '25', '2022-11-13 19:11:09', NULL),
(727, '100', '137', '22', '25', '2022-11-13 19:11:09', NULL),
(728, '0', '138', '22', '25', '2022-11-13 19:11:09', NULL),
(729, '0', '139', '22', '25', '2022-11-13 19:11:09', NULL),
(730, '0', '140', '22', '25', '2022-11-13 19:11:09', NULL),
(731, '0', '141', '22', '25', '2022-11-13 19:11:09', NULL),
(732, '0', '142', '22', '25', '2022-11-13 19:11:09', NULL),
(733, '100', '143', '22', '25', '2022-11-13 19:11:09', NULL),
(734, '0', '144', '22', '25', '2022-11-13 19:11:09', NULL),
(735, '0', '145', '22', '25', '2022-11-13 19:11:09', NULL),
(736, '0', '146', '22', '25', '2022-11-13 19:11:09', NULL),
(737, '0', '147', '22', '25', '2022-11-13 19:11:09', NULL),
(738, '0', '148', '22', '25', '2022-11-13 19:11:09', NULL),
(739, 'https://morenet.ac.mz/', '1', '22', '26', '2022-11-13 19:20:55', NULL),
(740, '2005', '2', '22', '26', '2022-11-13 19:20:55', NULL),
(741, 'N/A', '3', '22', '26', '2022-11-13 19:20:55', NULL),
(742, 'N/A', '4', '22', '26', '2022-11-13 19:20:55', NULL),
(743, '[\"Not-for-profit company or trust\"]', '10', '22', '26', '2022-11-13 19:20:55', NULL),
(744, 'N/A', '11', '22', '26', '2022-11-13 19:20:55', NULL),
(745, '[\"none\",\"empty\"]', '12', '22', '26', '2022-11-13 19:20:55', NULL),
(746, 'N/A', '14', '22', '26', '2022-11-13 19:20:55', NULL),
(747, 'N/A', '15', '22', '26', '2022-11-13 19:20:55', NULL),
(748, 'N/A', '16', '22', '26', '2022-11-13 19:20:55', NULL),
(749, 'N/A', '17', '22', '26', '2022-11-13 19:20:55', NULL),
(750, 'N/A', '18', '22', '26', '2022-11-13 19:20:55', NULL),
(751, 'N/A', '19', '22', '26', '2022-11-13 19:20:55', NULL),
(752, '[\"none\",\"empty\"]', '20', '22', '26', '2022-11-13 19:20:55', NULL),
(753, '0', '21', '22', '26', '2022-11-13 19:20:55', NULL),
(754, '0', '22', '22', '26', '2022-11-13 19:20:55', NULL),
(755, '0', '23', '22', '26', '2022-11-13 19:20:55', NULL),
(756, '0', '24', '22', '26', '2022-11-13 19:20:55', NULL),
(757, 'N/A', '25', '22', '26', '2022-11-13 19:20:55', NULL),
(758, 'N/A', '26', '22', '26', '2022-11-13 19:20:55', NULL),
(759, 'N/A', '27', '22', '26', '2022-11-13 19:20:55', NULL),
(760, '[\"none\",\"empty\"]', '28', '22', '26', '2022-11-13 19:20:55', NULL),
(761, 'N/A', '29', '22', '26', '2022-11-13 19:20:55', NULL),
(762, '[\"none\",\"empty\"]', '31', '22', '26', '2022-11-13 19:20:55', NULL),
(763, 'N/A', '32', '22', '26', '2022-11-13 19:20:55', NULL),
(764, 'N/A', '33', '22', '26', '2022-11-13 19:20:55', NULL),
(765, 'N/A', '34', '22', '26', '2022-11-13 19:20:55', NULL),
(766, 'N/A', '35', '22', '26', '2022-11-13 19:20:55', NULL),
(767, '0', '36', '22', '26', '2022-11-13 19:20:55', NULL),
(768, '0', '37', '22', '26', '2022-11-13 19:20:55', NULL),
(769, '0', '38', '22', '26', '2022-11-13 19:20:55', NULL),
(770, '[\"none\",\"empty\"]', '39', '22', '26', '2022-11-13 19:20:55', NULL),
(771, 'N/A', '41', '22', '26', '2022-11-13 19:20:55', NULL),
(772, '0', '42', '22', '26', '2022-11-13 19:20:55', NULL),
(773, '0', '43', '22', '26', '2022-11-13 19:20:55', NULL),
(774, '[\"none\",\"empty\"]', '50', '22', '26', '2022-11-13 19:20:55', NULL),
(775, '0', '51', '22', '26', '2022-11-13 19:20:56', NULL),
(776, '0', '52', '22', '26', '2022-11-13 19:20:56', NULL),
(777, 'N/A', '53', '22', '26', '2022-11-13 19:20:56', NULL),
(778, '0', '54', '22', '26', '2022-11-13 19:20:56', NULL),
(779, '0', '55', '22', '26', '2022-11-13 19:20:56', NULL),
(780, '[\"none\",\"empty\"]', '56', '22', '26', '2022-11-13 19:20:56', NULL),
(781, 'N/A', '57', '22', '26', '2022-11-13 19:20:56', NULL),
(782, '[\"none\",\"empty\"]', '58', '22', '26', '2022-11-13 19:20:56', NULL),
(783, 'N/A', '59', '22', '26', '2022-11-13 19:20:56', NULL),
(784, 'N/A', '60', '22', '26', '2022-11-13 19:20:56', NULL),
(785, '[\"none\",\"empty\"]', '61', '22', '26', '2022-11-13 19:20:56', NULL);
INSERT INTO `answers` (`id`, `name`, `questionid`, `surveyid`, `userid`, `created_at`, `updated_at`) VALUES
(786, 'N/A', '62', '22', '26', '2022-11-13 19:20:56', NULL),
(787, '[\"none\",\"empty\"]', '63', '22', '26', '2022-11-13 19:20:56', NULL),
(788, 'N/A', '64', '22', '26', '2022-11-13 19:20:56', NULL),
(789, '[\"none\",\"empty\"]', '65', '22', '26', '2022-11-13 19:20:56', NULL),
(790, 'N/A', '66', '22', '26', '2022-11-13 19:20:56', NULL),
(791, '[\"none\",\"empty\"]', '67', '22', '26', '2022-11-13 19:20:56', NULL),
(792, 'N/A', '68', '22', '26', '2022-11-13 19:20:56', NULL),
(793, 'N/A', '69', '22', '26', '2022-11-13 19:20:56', NULL),
(794, 'N/A', '70', '22', '26', '2022-11-13 19:20:56', NULL),
(795, 'N/A', '80', '22', '26', '2022-11-13 19:20:56', NULL),
(796, 'N/A', '81', '22', '26', '2022-11-13 19:20:56', NULL),
(797, 'N/A', '82', '22', '26', '2022-11-13 19:20:56', NULL),
(798, '[\"none\",\"empty\"]', '83', '22', '26', '2022-11-13 19:20:56', NULL),
(799, 'N/A', '84', '22', '26', '2022-11-13 19:20:56', NULL),
(800, '[\"none\",\"empty\"]', '85', '22', '26', '2022-11-13 19:20:56', NULL),
(801, 'N/A', '86', '22', '26', '2022-11-13 19:20:56', NULL),
(802, 'N/A', '87', '22', '26', '2022-11-13 19:20:56', NULL),
(803, 'N/A', '88', '22', '26', '2022-11-13 19:20:56', NULL),
(804, '0', '89', '22', '26', '2022-11-13 19:20:56', NULL),
(805, '0', '90', '22', '26', '2022-11-13 19:20:56', NULL),
(806, '[\"Other sources (please specify)\"]', '91', '22', '26', '2022-11-13 19:20:56', NULL),
(807, 'Mixed: own sales revenues, state subsidiary and external funding', '92', '22', '26', '2022-11-13 19:20:56', NULL),
(808, '0', '93', '22', '26', '2022-11-13 19:20:56', NULL),
(809, '0', '96', '22', '26', '2022-11-13 19:20:56', NULL),
(810, '0', '97', '22', '26', '2022-11-13 19:20:56', NULL),
(811, '88', '98', '22', '26', '2022-11-13 19:20:56', NULL),
(812, '0', '99', '22', '26', '2022-11-13 19:20:56', NULL),
(813, '0', '100', '22', '26', '2022-11-13 19:20:56', NULL),
(814, '0', '101', '22', '26', '2022-11-13 19:20:56', NULL),
(815, '0', '102', '22', '26', '2022-11-13 19:20:56', NULL),
(816, '0', '103', '22', '26', '2022-11-13 19:20:56', NULL),
(817, '56', '104', '22', '26', '2022-11-13 19:20:56', NULL),
(818, '0', '105', '22', '26', '2022-11-13 19:20:56', NULL),
(819, '0', '106', '22', '26', '2022-11-13 19:20:56', NULL),
(820, '0', '107', '22', '26', '2022-11-13 19:20:56', NULL),
(821, '0', '108', '22', '26', '2022-11-13 19:20:56', NULL),
(822, '0', '109', '22', '26', '2022-11-13 19:20:56', NULL),
(823, '34', '110', '22', '26', '2022-11-13 19:20:56', NULL),
(824, '0', '111', '22', '26', '2022-11-13 19:20:56', NULL),
(825, '0', '112', '22', '26', '2022-11-13 19:20:56', NULL),
(826, '0', '113', '22', '26', '2022-11-13 19:20:56', NULL),
(827, '0', '114', '22', '26', '2022-11-13 19:20:56', NULL),
(828, '0', '115', '22', '26', '2022-11-13 19:20:56', NULL),
(829, '2', '116', '22', '26', '2022-11-13 19:20:56', NULL),
(830, '0', '117', '22', '26', '2022-11-13 19:20:56', NULL),
(831, '0', '118', '22', '26', '2022-11-13 19:20:56', NULL),
(832, '0', '119', '22', '26', '2022-11-13 19:20:56', NULL),
(833, '0', '120', '22', '26', '2022-11-13 19:20:56', NULL),
(834, '0', '121', '22', '26', '2022-11-13 19:20:56', NULL),
(835, '0', '122', '22', '26', '2022-11-13 19:20:56', NULL),
(836, '0', '123', '22', '26', '2022-11-13 19:20:56', NULL),
(837, '0', '124', '22', '26', '2022-11-13 19:20:56', NULL),
(838, '0', '125', '22', '26', '2022-11-13 19:20:56', NULL),
(839, '0', '126', '22', '26', '2022-11-13 19:20:56', NULL),
(840, '0', '127', '22', '26', '2022-11-13 19:20:56', NULL),
(841, '2', '128', '22', '26', '2022-11-13 19:20:56', NULL),
(842, '0', '129', '22', '26', '2022-11-13 19:20:56', NULL),
(843, '0', '130', '22', '26', '2022-11-13 19:20:56', NULL),
(844, '0', '131', '22', '26', '2022-11-13 19:20:56', NULL),
(845, '0', '132', '22', '26', '2022-11-13 19:20:56', NULL),
(846, '0', '133', '22', '26', '2022-11-13 19:20:56', NULL),
(847, '0', '134', '22', '26', '2022-11-13 19:20:56', NULL),
(848, '0', '135', '22', '26', '2022-11-13 19:20:56', NULL),
(849, '0', '136', '22', '26', '2022-11-13 19:20:56', NULL),
(850, '0', '137', '22', '26', '2022-11-13 19:20:56', NULL),
(851, '0', '138', '22', '26', '2022-11-13 19:20:56', NULL),
(852, '0', '139', '22', '26', '2022-11-13 19:20:56', NULL),
(853, '2', '140', '22', '26', '2022-11-13 19:20:56', NULL),
(854, '0', '141', '22', '26', '2022-11-13 19:20:56', NULL),
(855, '0', '142', '22', '26', '2022-11-13 19:20:56', NULL),
(856, '0', '143', '22', '26', '2022-11-13 19:20:56', NULL),
(857, '0', '144', '22', '26', '2022-11-13 19:20:56', NULL),
(858, '0', '145', '22', '26', '2022-11-13 19:20:56', NULL),
(859, '0', '146', '22', '26', '2022-11-13 19:20:56', NULL),
(860, '0', '147', '22', '26', '2022-11-13 19:20:56', NULL),
(861, '0', '148', '22', '26', '2022-11-13 19:20:56', NULL),
(862, 'www.zimren.ac.zw', '1', '22', '31', '2022-11-13 19:27:24', NULL),
(863, 'N/A', '2', '22', '31', '2022-11-13 19:27:24', NULL),
(864, 'N/A', '3', '22', '31', '2022-11-13 19:27:24', NULL),
(865, 'N/A', '4', '22', '31', '2022-11-13 19:27:24', NULL),
(866, '[\"none\",\"empty\"]', '10', '22', '31', '2022-11-13 19:27:24', NULL),
(867, 'N/A', '11', '22', '31', '2022-11-13 19:27:24', NULL),
(868, '[\"none\",\"empty\"]', '12', '22', '31', '2022-11-13 19:27:24', NULL),
(869, 'N/A', '14', '22', '31', '2022-11-13 19:27:24', NULL),
(870, 'N/A', '15', '22', '31', '2022-11-13 19:27:24', NULL),
(871, 'N/A', '16', '22', '31', '2022-11-13 19:27:24', NULL),
(872, 'N/A', '17', '22', '31', '2022-11-13 19:27:24', NULL),
(873, 'N/A', '18', '22', '31', '2022-11-13 19:27:24', NULL),
(874, 'N/A', '19', '22', '31', '2022-11-13 19:27:24', NULL),
(875, '[\"none\",\"empty\"]', '20', '22', '31', '2022-11-13 19:27:24', NULL),
(876, '0', '21', '22', '31', '2022-11-13 19:27:24', NULL),
(877, '0', '22', '22', '31', '2022-11-13 19:27:24', NULL),
(878, '0', '23', '22', '31', '2022-11-13 19:27:24', NULL),
(879, '0', '24', '22', '31', '2022-11-13 19:27:24', NULL),
(880, 'N/A', '25', '22', '31', '2022-11-13 19:27:24', NULL),
(881, 'N/A', '26', '22', '31', '2022-11-13 19:27:24', NULL),
(882, 'N/A', '27', '22', '31', '2022-11-13 19:27:24', NULL),
(883, '[\"none\",\"empty\"]', '28', '22', '31', '2022-11-13 19:27:24', NULL),
(884, 'N/A', '29', '22', '31', '2022-11-13 19:27:24', NULL),
(885, '[\"none\",\"empty\"]', '31', '22', '31', '2022-11-13 19:27:24', NULL),
(886, 'N/A', '32', '22', '31', '2022-11-13 19:27:24', NULL),
(887, 'N/A', '33', '22', '31', '2022-11-13 19:27:24', NULL),
(888, 'N/A', '34', '22', '31', '2022-11-13 19:27:24', NULL),
(889, 'N/A', '35', '22', '31', '2022-11-13 19:27:24', NULL),
(890, '0', '36', '22', '31', '2022-11-13 19:27:24', NULL),
(891, '0', '37', '22', '31', '2022-11-13 19:27:24', NULL),
(892, '0', '38', '22', '31', '2022-11-13 19:27:24', NULL),
(893, '[\"none\",\"empty\"]', '39', '22', '31', '2022-11-13 19:27:24', NULL),
(894, 'N/A', '41', '22', '31', '2022-11-13 19:27:24', NULL),
(895, '0', '42', '22', '31', '2022-11-13 19:27:25', NULL),
(896, '0', '43', '22', '31', '2022-11-13 19:27:25', NULL),
(897, '[\"none\",\"empty\"]', '50', '22', '31', '2022-11-13 19:27:25', NULL),
(898, '0', '51', '22', '31', '2022-11-13 19:27:25', NULL),
(899, '0', '52', '22', '31', '2022-11-13 19:27:25', NULL),
(900, 'N/A', '53', '22', '31', '2022-11-13 19:27:25', NULL),
(901, '0', '54', '22', '31', '2022-11-13 19:27:25', NULL),
(902, '0', '55', '22', '31', '2022-11-13 19:27:25', NULL),
(903, '[\"none\",\"empty\"]', '56', '22', '31', '2022-11-13 19:27:25', NULL),
(904, 'N/A', '57', '22', '31', '2022-11-13 19:27:25', NULL),
(905, '[\"none\",\"empty\"]', '58', '22', '31', '2022-11-13 19:27:25', NULL),
(906, 'N/A', '59', '22', '31', '2022-11-13 19:27:25', NULL),
(907, 'N/A', '60', '22', '31', '2022-11-13 19:27:25', NULL),
(908, '[\"none\",\"empty\"]', '61', '22', '31', '2022-11-13 19:27:25', NULL),
(909, 'N/A', '62', '22', '31', '2022-11-13 19:27:25', NULL),
(910, '[\"none\",\"empty\"]', '63', '22', '31', '2022-11-13 19:27:25', NULL),
(911, 'N/A', '64', '22', '31', '2022-11-13 19:27:25', NULL),
(912, '[\"none\",\"empty\"]', '65', '22', '31', '2022-11-13 19:27:25', NULL),
(913, 'N/A', '66', '22', '31', '2022-11-13 19:27:25', NULL),
(914, '[\"none\",\"empty\"]', '67', '22', '31', '2022-11-13 19:27:25', NULL),
(915, 'N/A', '68', '22', '31', '2022-11-13 19:27:25', NULL),
(916, 'N/A', '69', '22', '31', '2022-11-13 19:27:25', NULL),
(917, 'N/A', '70', '22', '31', '2022-11-13 19:27:25', NULL),
(918, 'N/A', '80', '22', '31', '2022-11-13 19:27:25', NULL),
(919, 'N/A', '81', '22', '31', '2022-11-13 19:27:25', NULL),
(920, 'N/A', '82', '22', '31', '2022-11-13 19:27:25', NULL),
(921, '[\"none\",\"empty\"]', '83', '22', '31', '2022-11-13 19:27:25', NULL),
(922, 'N/A', '84', '22', '31', '2022-11-13 19:27:25', NULL),
(923, '[\"none\",\"empty\"]', '85', '22', '31', '2022-11-13 19:27:25', NULL),
(924, 'N/A', '86', '22', '31', '2022-11-13 19:27:25', NULL),
(925, 'N/A', '87', '22', '31', '2022-11-13 19:27:25', NULL),
(926, 'N/A', '88', '22', '31', '2022-11-13 19:27:25', NULL),
(927, '0', '89', '22', '31', '2022-11-13 19:27:25', NULL),
(928, '0', '90', '22', '31', '2022-11-13 19:27:25', NULL),
(929, '[\"none\",\"empty\"]', '91', '22', '31', '2022-11-13 19:27:25', NULL),
(930, 'N/A', '92', '22', '31', '2022-11-13 19:27:25', NULL),
(931, '0', '93', '22', '31', '2022-11-13 19:27:25', NULL),
(932, '0', '96', '22', '31', '2022-11-13 19:27:25', NULL),
(933, '0', '97', '22', '31', '2022-11-13 19:27:25', NULL),
(934, '0', '98', '22', '31', '2022-11-13 19:27:25', NULL),
(935, '0', '99', '22', '31', '2022-11-13 19:27:25', NULL),
(936, '0', '100', '22', '31', '2022-11-13 19:27:25', NULL),
(937, '0', '101', '22', '31', '2022-11-13 19:27:25', NULL),
(938, '0', '102', '22', '31', '2022-11-13 19:27:25', NULL),
(939, '0', '103', '22', '31', '2022-11-13 19:27:25', NULL),
(940, '0', '104', '22', '31', '2022-11-13 19:27:25', NULL),
(941, '0', '105', '22', '31', '2022-11-13 19:27:25', NULL),
(942, '0', '106', '22', '31', '2022-11-13 19:27:25', NULL),
(943, '0', '107', '22', '31', '2022-11-13 19:27:25', NULL),
(944, '0', '108', '22', '31', '2022-11-13 19:27:25', NULL),
(945, '0', '109', '22', '31', '2022-11-13 19:27:25', NULL),
(946, '0', '110', '22', '31', '2022-11-13 19:27:25', NULL),
(947, '0', '111', '22', '31', '2022-11-13 19:27:25', NULL),
(948, '0', '112', '22', '31', '2022-11-13 19:27:25', NULL),
(949, '0', '113', '22', '31', '2022-11-13 19:27:25', NULL),
(950, '0', '114', '22', '31', '2022-11-13 19:27:25', NULL),
(951, '0', '115', '22', '31', '2022-11-13 19:27:25', NULL),
(952, '0', '116', '22', '31', '2022-11-13 19:27:25', NULL),
(953, '0', '117', '22', '31', '2022-11-13 19:27:25', NULL),
(954, '0', '118', '22', '31', '2022-11-13 19:27:25', NULL),
(955, '0', '119', '22', '31', '2022-11-13 19:27:25', NULL),
(956, '0', '120', '22', '31', '2022-11-13 19:27:25', NULL),
(957, '0', '121', '22', '31', '2022-11-13 19:27:25', NULL),
(958, '0', '122', '22', '31', '2022-11-13 19:27:25', NULL),
(959, '0', '123', '22', '31', '2022-11-13 19:27:25', NULL),
(960, '0', '124', '22', '31', '2022-11-13 19:27:25', NULL),
(961, '0', '125', '22', '31', '2022-11-13 19:27:25', NULL),
(962, '0', '126', '22', '31', '2022-11-13 19:27:25', NULL),
(963, '0', '127', '22', '31', '2022-11-13 19:27:25', NULL),
(964, '0', '128', '22', '31', '2022-11-13 19:27:25', NULL),
(965, '0', '129', '22', '31', '2022-11-13 19:27:25', NULL),
(966, '0', '130', '22', '31', '2022-11-13 19:27:25', NULL),
(967, '0', '131', '22', '31', '2022-11-13 19:27:25', NULL),
(968, '0', '132', '22', '31', '2022-11-13 19:27:25', NULL),
(969, '0', '133', '22', '31', '2022-11-13 19:27:25', NULL),
(970, '0', '134', '22', '31', '2022-11-13 19:27:25', NULL),
(971, '0', '135', '22', '31', '2022-11-13 19:27:25', NULL),
(972, '0', '136', '22', '31', '2022-11-13 19:27:25', NULL),
(973, '0', '137', '22', '31', '2022-11-13 19:27:25', NULL),
(974, '0', '138', '22', '31', '2022-11-13 19:27:25', NULL),
(975, '0', '139', '22', '31', '2022-11-13 19:27:25', NULL),
(976, '0', '140', '22', '31', '2022-11-13 19:27:25', NULL),
(977, '0', '141', '22', '31', '2022-11-13 19:27:25', NULL),
(978, '0', '142', '22', '31', '2022-11-13 19:27:25', NULL),
(979, '0', '143', '22', '31', '2022-11-13 19:27:25', NULL),
(980, '0', '144', '22', '31', '2022-11-13 19:27:25', NULL),
(981, '0', '145', '22', '31', '2022-11-13 19:27:25', NULL),
(982, '0', '146', '22', '31', '2022-11-13 19:27:25', NULL),
(983, '0', '147', '22', '31', '2022-11-13 19:27:25', NULL),
(984, '0', '148', '22', '31', '2022-11-13 19:27:25', NULL),
(985, 'https://www.irenala.edu.mg', '1', '22', '27', '2022-11-13 19:43:20', NULL),
(986, '07th June 2012', '2', '22', '27', '2022-11-13 19:43:20', NULL),
(987, 'https://www.irenala.edu.mg/images/irenala-association/statut-irenala.pdf', '3', '22', '27', '2022-11-13 19:43:20', NULL),
(988, 'N/A', '4', '22', '27', '2022-11-13 19:43:20', NULL),
(989, '[\"Not-for-profit membership organisation\"]', '10', '22', '27', '2022-11-13 19:43:20', NULL),
(990, 'N/A', '11', '22', '27', '2022-11-13 19:43:20', NULL),
(991, '[\"none\",\"empty\"]', '12', '22', '27', '2022-11-13 19:43:20', NULL),
(992, 'N/A', '14', '22', '27', '2022-11-13 19:43:20', NULL),
(993, 'General Assembly : 2 Ministries / 6 Universities / 3 Higher institute of technology/ Research centers / Private Institution', '15', '22', '27', '2022-11-13 19:43:20', NULL),
(994, 'N/A', '16', '22', '27', '2022-11-13 19:43:20', NULL),
(995, 'N/A', '17', '22', '27', '2022-11-13 19:43:20', NULL),
(996, 'N/A', '18', '22', '27', '2022-11-13 19:43:20', NULL),
(997, 'N/A', '19', '22', '27', '2022-11-13 19:43:20', NULL),
(998, '[\"none\",\"empty\"]', '20', '22', '27', '2022-11-13 19:43:20', NULL),
(999, '0', '21', '22', '27', '2022-11-13 19:43:20', NULL),
(1000, '0', '22', '22', '27', '2022-11-13 19:43:20', NULL),
(1001, '0', '23', '22', '27', '2022-11-13 19:43:20', NULL),
(1002, '0', '24', '22', '27', '2022-11-13 19:43:21', NULL),
(1003, 'N/A', '25', '22', '27', '2022-11-13 19:43:21', NULL),
(1004, 'N/A', '26', '22', '27', '2022-11-13 19:43:21', NULL),
(1005, 'N/A', '27', '22', '27', '2022-11-13 19:43:21', NULL),
(1006, '[\"none\",\"empty\"]', '28', '22', '27', '2022-11-13 19:43:21', NULL),
(1007, 'N/A', '29', '22', '27', '2022-11-13 19:43:21', NULL),
(1008, '[\"none\",\"empty\"]', '31', '22', '27', '2022-11-13 19:43:21', NULL),
(1009, 'N/A', '32', '22', '27', '2022-11-13 19:43:21', NULL),
(1010, 'N/A', '33', '22', '27', '2022-11-13 19:43:21', NULL),
(1011, 'N/A', '34', '22', '27', '2022-11-13 19:43:21', NULL),
(1012, 'N/A', '35', '22', '27', '2022-11-13 19:43:21', NULL),
(1013, '0', '36', '22', '27', '2022-11-13 19:43:21', NULL),
(1014, '0', '37', '22', '27', '2022-11-13 19:43:21', NULL),
(1015, '0', '38', '22', '27', '2022-11-13 19:43:21', NULL),
(1016, '[\"none\",\"empty\"]', '39', '22', '27', '2022-11-13 19:43:21', NULL),
(1017, 'N/A', '41', '22', '27', '2022-11-13 19:43:21', NULL),
(1018, '0', '42', '22', '27', '2022-11-13 19:43:21', NULL),
(1019, '0', '43', '22', '27', '2022-11-13 19:43:21', NULL),
(1020, '[\"none\",\"empty\"]', '50', '22', '27', '2022-11-13 19:43:21', NULL),
(1021, '0', '51', '22', '27', '2022-11-13 19:43:21', NULL),
(1022, '0', '52', '22', '27', '2022-11-13 19:43:21', NULL),
(1023, 'N/A', '53', '22', '27', '2022-11-13 19:43:21', NULL),
(1024, '0', '54', '22', '27', '2022-11-13 19:43:21', NULL),
(1025, '0', '55', '22', '27', '2022-11-13 19:43:21', NULL),
(1026, '[\"none\",\"empty\"]', '56', '22', '27', '2022-11-13 19:43:21', NULL),
(1027, 'N/A', '57', '22', '27', '2022-11-13 19:43:21', NULL),
(1028, '[\"none\",\"empty\"]', '58', '22', '27', '2022-11-13 19:43:21', NULL),
(1029, 'N/A', '59', '22', '27', '2022-11-13 19:43:21', NULL),
(1030, 'N/A', '60', '22', '27', '2022-11-13 19:43:21', NULL),
(1031, '[\"none\",\"empty\"]', '61', '22', '27', '2022-11-13 19:43:21', NULL),
(1032, 'N/A', '62', '22', '27', '2022-11-13 19:43:21', NULL),
(1033, '[\"none\",\"empty\"]', '63', '22', '27', '2022-11-13 19:43:21', NULL),
(1034, 'N/A', '64', '22', '27', '2022-11-13 19:43:21', NULL),
(1035, '[\"none\",\"empty\"]', '65', '22', '27', '2022-11-13 19:43:21', NULL),
(1036, 'N/A', '66', '22', '27', '2022-11-13 19:43:21', NULL),
(1037, '[\"none\",\"empty\"]', '67', '22', '27', '2022-11-13 19:43:21', NULL),
(1038, 'N/A', '68', '22', '27', '2022-11-13 19:43:21', NULL),
(1039, 'N/A', '69', '22', '27', '2022-11-13 19:43:21', NULL),
(1040, 'N/A', '70', '22', '27', '2022-11-13 19:43:21', NULL),
(1041, 'N/A', '80', '22', '27', '2022-11-13 19:43:21', NULL),
(1042, 'N/A', '81', '22', '27', '2022-11-13 19:43:21', NULL),
(1043, 'N/A', '82', '22', '27', '2022-11-13 19:43:21', NULL),
(1044, '[\"none\",\"empty\"]', '83', '22', '27', '2022-11-13 19:43:21', NULL),
(1045, 'N/A', '84', '22', '27', '2022-11-13 19:43:21', NULL),
(1046, '[\"none\",\"empty\"]', '85', '22', '27', '2022-11-13 19:43:21', NULL),
(1047, 'N/A', '86', '22', '27', '2022-11-13 19:43:21', NULL),
(1048, 'N/A', '87', '22', '27', '2022-11-13 19:43:21', NULL),
(1049, 'N/A', '88', '22', '27', '2022-11-13 19:43:21', NULL),
(1050, '0', '89', '22', '27', '2022-11-13 19:43:21', NULL),
(1051, '0', '90', '22', '27', '2022-11-13 19:43:21', NULL),
(1052, '[\"Membership fees\"]', '91', '22', '27', '2022-11-13 19:43:21', NULL),
(1053, 'N/A', '92', '22', '27', '2022-11-13 19:43:21', NULL),
(1054, '0', '93', '22', '27', '2022-11-13 19:43:21', NULL),
(1055, '0', '96', '22', '27', '2022-11-13 19:43:21', NULL),
(1056, '13', '97', '22', '27', '2022-11-13 19:43:21', NULL),
(1057, '11', '98', '22', '27', '2022-11-13 19:43:21', NULL),
(1058, '0', '99', '22', '27', '2022-11-13 19:43:21', NULL),
(1059, '0', '100', '22', '27', '2022-11-13 19:43:21', NULL),
(1060, '0', '101', '22', '27', '2022-11-13 19:43:21', NULL),
(1061, '0', '102', '22', '27', '2022-11-13 19:43:21', NULL),
(1062, '11', '103', '22', '27', '2022-11-13 19:43:21', NULL),
(1063, '10', '104', '22', '27', '2022-11-13 19:43:21', NULL),
(1064, '0', '105', '22', '27', '2022-11-13 19:43:21', NULL),
(1065, '0', '106', '22', '27', '2022-11-13 19:43:21', NULL),
(1066, '0', '107', '22', '27', '2022-11-13 19:43:21', NULL),
(1067, '0', '108', '22', '27', '2022-11-13 19:43:21', NULL),
(1068, '3', '109', '22', '27', '2022-11-13 19:43:21', NULL),
(1069, '1', '110', '22', '27', '2022-11-13 19:43:21', NULL),
(1070, '0', '111', '22', '27', '2022-11-13 19:43:21', NULL),
(1071, '0', '112', '22', '27', '2022-11-13 19:43:21', NULL),
(1072, '0', '113', '22', '27', '2022-11-13 19:43:21', NULL),
(1073, '0', '114', '22', '27', '2022-11-13 19:43:21', NULL),
(1074, '0', '115', '22', '27', '2022-11-13 19:43:21', NULL),
(1075, '0', '116', '22', '27', '2022-11-13 19:43:21', NULL),
(1076, '0', '117', '22', '27', '2022-11-13 19:43:21', NULL),
(1077, '0', '118', '22', '27', '2022-11-13 19:43:21', NULL),
(1078, '0', '119', '22', '27', '2022-11-13 19:43:21', NULL),
(1079, '0', '120', '22', '27', '2022-11-13 19:43:21', NULL),
(1080, '0', '121', '22', '27', '2022-11-13 19:43:21', NULL),
(1081, '0', '122', '22', '27', '2022-11-13 19:43:21', NULL),
(1082, '0', '123', '22', '27', '2022-11-13 19:43:21', NULL),
(1083, '0', '124', '22', '27', '2022-11-13 19:43:21', NULL),
(1084, '0', '125', '22', '27', '2022-11-13 19:43:21', NULL),
(1085, '0', '126', '22', '27', '2022-11-13 19:43:21', NULL),
(1086, '0', '127', '22', '27', '2022-11-13 19:43:21', NULL),
(1087, '0', '128', '22', '27', '2022-11-13 19:43:21', NULL),
(1088, '0', '129', '22', '27', '2022-11-13 19:43:21', NULL),
(1089, '0', '130', '22', '27', '2022-11-13 19:43:21', NULL),
(1090, '0', '131', '22', '27', '2022-11-13 19:43:21', NULL),
(1091, '0', '132', '22', '27', '2022-11-13 19:43:21', NULL),
(1092, '0', '133', '22', '27', '2022-11-13 19:43:21', NULL),
(1093, '0', '134', '22', '27', '2022-11-13 19:43:21', NULL),
(1094, '0', '135', '22', '27', '2022-11-13 19:43:21', NULL),
(1095, '0', '136', '22', '27', '2022-11-13 19:43:21', NULL),
(1096, '0', '137', '22', '27', '2022-11-13 19:43:21', NULL),
(1097, '0', '138', '22', '27', '2022-11-13 19:43:21', NULL),
(1098, '2', '139', '22', '27', '2022-11-13 19:43:21', NULL),
(1099, '2', '140', '22', '27', '2022-11-13 19:43:21', NULL),
(1100, '0', '141', '22', '27', '2022-11-13 19:43:21', NULL),
(1101, '0', '142', '22', '27', '2022-11-13 19:43:21', NULL),
(1102, '0', '143', '22', '27', '2022-11-13 19:43:21', NULL),
(1103, '0', '144', '22', '27', '2022-11-13 19:43:21', NULL),
(1104, '0', '145', '22', '27', '2022-11-13 19:43:21', NULL),
(1105, '0', '146', '22', '27', '2022-11-13 19:43:21', NULL),
(1106, '0', '147', '22', '27', '2022-11-13 19:43:21', NULL),
(1107, '0', '148', '22', '27', '2022-11-13 19:43:21', NULL),
(1108, 'gnjejimana@gmail.com', '1', '22', '28', '2022-11-13 19:55:03', NULL),
(1109, '2014', '2', '22', '28', '2022-11-13 19:55:03', NULL),
(1110, 'Yes, BERNET is managed thanks to Statutes. The NREN mission is mainly to provide affordable, efficient, reliable  internet connection as well as fast bandwidth to public and private universities, higher institutions and research institutes.', '3', '22', '28', '2022-11-13 19:55:03', NULL),
(1111, 'N/A', '4', '22', '28', '2022-11-13 19:55:05', NULL),
(1112, '[\"Other\"]', '10', '22', '28', '2022-11-13 19:55:05', NULL),
(1113, 'BERNET is a non-profit Association, ASBL.', '11', '22', '28', '2022-11-13 19:55:05', NULL),
(1114, '[\"none\",\"empty\"]', '12', '22', '28', '2022-11-13 19:55:06', NULL),
(1115, 'N/A', '14', '22', '28', '2022-11-13 19:55:06', NULL),
(1116, 'G.A. made of 15 Institutions; 5 members of the Executive Committee, a CEO and an Engineer.', '15', '22', '28', '2022-11-13 19:55:07', NULL),
(1117, 'N/A', '16', '22', '28', '2022-11-13 19:55:07', NULL),
(1118, 'N/A', '17', '22', '28', '2022-11-13 19:55:07', NULL),
(1119, 'N/A', '18', '22', '28', '2022-11-13 19:55:07', NULL),
(1120, 'N/A', '19', '22', '28', '2022-11-13 19:55:07', NULL),
(1121, '[\"none\",\"empty\"]', '20', '22', '28', '2022-11-13 19:55:07', NULL),
(1122, '0', '21', '22', '28', '2022-11-13 19:55:07', NULL),
(1123, '0', '22', '22', '28', '2022-11-13 19:55:07', NULL),
(1124, '0', '23', '22', '28', '2022-11-13 19:55:08', NULL),
(1125, '0', '24', '22', '28', '2022-11-13 19:55:09', NULL),
(1126, 'N/A', '25', '22', '28', '2022-11-13 19:55:09', NULL),
(1127, 'N/A', '26', '22', '28', '2022-11-13 19:55:09', NULL),
(1128, 'N/A', '27', '22', '28', '2022-11-13 19:55:10', NULL),
(1129, '[\"none\",\"empty\"]', '28', '22', '28', '2022-11-13 19:55:10', NULL),
(1130, 'N/A', '29', '22', '28', '2022-11-13 19:55:10', NULL),
(1131, '[\"none\",\"empty\"]', '31', '22', '28', '2022-11-13 19:55:10', NULL),
(1132, 'N/A', '32', '22', '28', '2022-11-13 19:55:10', NULL),
(1133, 'N/A', '33', '22', '28', '2022-11-13 19:55:10', NULL),
(1134, 'N/A', '34', '22', '28', '2022-11-13 19:55:10', NULL),
(1135, 'N/A', '35', '22', '28', '2022-11-13 19:55:11', NULL),
(1136, '0', '36', '22', '28', '2022-11-13 19:55:11', NULL),
(1137, '0', '37', '22', '28', '2022-11-13 19:55:11', NULL),
(1138, '0', '38', '22', '28', '2022-11-13 19:55:11', NULL),
(1139, '[\"none\",\"empty\"]', '39', '22', '28', '2022-11-13 19:55:11', NULL),
(1140, 'N/A', '41', '22', '28', '2022-11-13 19:55:11', NULL),
(1141, '0', '42', '22', '28', '2022-11-13 19:55:11', NULL),
(1142, '0', '43', '22', '28', '2022-11-13 19:55:11', NULL),
(1143, '[\"none\",\"empty\"]', '50', '22', '28', '2022-11-13 19:55:11', NULL),
(1144, '0', '51', '22', '28', '2022-11-13 19:55:11', NULL),
(1145, '0', '52', '22', '28', '2022-11-13 19:55:11', NULL),
(1146, 'N/A', '53', '22', '28', '2022-11-13 19:55:11', NULL),
(1147, '0', '54', '22', '28', '2022-11-13 19:55:11', NULL),
(1148, '0', '55', '22', '28', '2022-11-13 19:55:11', NULL),
(1149, '[\"none\",\"empty\"]', '56', '22', '28', '2022-11-13 19:55:11', NULL),
(1150, 'N/A', '57', '22', '28', '2022-11-13 19:55:11', NULL),
(1151, '[\"none\",\"empty\"]', '58', '22', '28', '2022-11-13 19:55:11', NULL),
(1152, 'N/A', '59', '22', '28', '2022-11-13 19:55:11', NULL),
(1153, 'N/A', '60', '22', '28', '2022-11-13 19:55:11', NULL),
(1154, '[\"none\",\"empty\"]', '61', '22', '28', '2022-11-13 19:55:11', NULL),
(1155, 'N/A', '62', '22', '28', '2022-11-13 19:55:11', NULL),
(1156, '[\"none\",\"empty\"]', '63', '22', '28', '2022-11-13 19:55:11', NULL),
(1157, 'N/A', '64', '22', '28', '2022-11-13 19:55:11', NULL),
(1158, '[\"none\",\"empty\"]', '65', '22', '28', '2022-11-13 19:55:11', NULL),
(1159, 'N/A', '66', '22', '28', '2022-11-13 19:55:11', NULL),
(1160, '[\"none\",\"empty\"]', '67', '22', '28', '2022-11-13 19:55:11', NULL),
(1161, 'N/A', '68', '22', '28', '2022-11-13 19:55:11', NULL),
(1162, 'N/A', '69', '22', '28', '2022-11-13 19:55:11', NULL),
(1163, 'N/A', '70', '22', '28', '2022-11-13 19:55:11', NULL),
(1164, 'N/A', '80', '22', '28', '2022-11-13 19:55:11', NULL),
(1165, 'N/A', '81', '22', '28', '2022-11-13 19:55:12', NULL),
(1166, 'N/A', '82', '22', '28', '2022-11-13 19:55:12', NULL),
(1167, '[\"none\",\"empty\"]', '83', '22', '28', '2022-11-13 19:55:12', NULL),
(1168, 'N/A', '84', '22', '28', '2022-11-13 19:55:12', NULL),
(1169, '[\"none\",\"empty\"]', '85', '22', '28', '2022-11-13 19:55:12', NULL),
(1170, 'N/A', '86', '22', '28', '2022-11-13 19:55:12', NULL),
(1171, 'N/A', '87', '22', '28', '2022-11-13 19:55:12', NULL),
(1172, 'N/A', '88', '22', '28', '2022-11-13 19:55:12', NULL),
(1173, '0', '89', '22', '28', '2022-11-13 19:55:12', NULL),
(1174, '0', '90', '22', '28', '2022-11-13 19:55:12', NULL),
(1175, '[\"Other sources (please specify)\"]', '91', '22', '28', '2022-11-13 19:55:12', NULL),
(1176, 'One-time funding of ADB for the partial down payment of the Africa Connect 2 connection project. Promise from the World Bank to fund some of our activities for 5 years.', '92', '22', '28', '2022-11-13 19:55:12', NULL),
(1177, '47', '93', '22', '28', '2022-11-13 19:55:12', NULL),
(1178, '0', '96', '22', '28', '2022-11-13 19:55:12', NULL),
(1179, '15', '97', '22', '28', '2022-11-13 19:55:12', NULL),
(1180, '14', '98', '22', '28', '2022-11-13 19:55:12', NULL),
(1181, '0', '99', '22', '28', '2022-11-13 19:55:12', NULL),
(1182, '0', '100', '22', '28', '2022-11-13 19:55:12', NULL),
(1183, '10', '101', '22', '28', '2022-11-13 19:55:12', NULL),
(1184, '0', '102', '22', '28', '2022-11-13 19:55:12', NULL),
(1185, '1', '103', '22', '28', '2022-11-13 19:55:12', NULL),
(1186, '1', '104', '22', '28', '2022-11-13 19:55:12', NULL),
(1187, '0', '105', '22', '28', '2022-11-13 19:55:12', NULL),
(1188, '0', '106', '22', '28', '2022-11-13 19:55:12', NULL),
(1189, '0', '107', '22', '28', '2022-11-13 19:55:12', NULL),
(1190, '0', '108', '22', '28', '2022-11-13 19:55:12', NULL),
(1191, '0', '109', '22', '28', '2022-11-13 19:55:12', NULL),
(1192, '0', '110', '22', '28', '2022-11-13 19:55:12', NULL),
(1193, '0', '111', '22', '28', '2022-11-13 19:55:12', NULL),
(1194, '0', '112', '22', '28', '2022-11-13 19:55:12', NULL),
(1195, '0', '113', '22', '28', '2022-11-13 19:55:12', NULL),
(1196, '0', '114', '22', '28', '2022-11-13 19:55:12', NULL),
(1197, '0', '115', '22', '28', '2022-11-13 19:55:12', NULL),
(1198, '0', '116', '22', '28', '2022-11-13 19:55:12', NULL),
(1199, '0', '117', '22', '28', '2022-11-13 19:55:12', NULL),
(1200, '0', '118', '22', '28', '2022-11-13 19:55:13', NULL),
(1201, '0', '119', '22', '28', '2022-11-13 19:55:13', NULL),
(1202, '0', '120', '22', '28', '2022-11-13 19:55:13', NULL),
(1203, '0', '121', '22', '28', '2022-11-13 19:55:13', NULL),
(1204, '0', '122', '22', '28', '2022-11-13 19:55:13', NULL),
(1205, '0', '123', '22', '28', '2022-11-13 19:55:13', NULL),
(1206, '0', '124', '22', '28', '2022-11-13 19:55:13', NULL),
(1207, '0', '125', '22', '28', '2022-11-13 19:55:13', NULL),
(1208, '0', '126', '22', '28', '2022-11-13 19:55:13', NULL),
(1209, '0', '127', '22', '28', '2022-11-13 19:55:13', NULL),
(1210, '0', '128', '22', '28', '2022-11-13 19:55:13', NULL),
(1211, '0', '129', '22', '28', '2022-11-13 19:55:13', NULL),
(1212, '0', '130', '22', '28', '2022-11-13 19:55:13', NULL),
(1213, '0', '131', '22', '28', '2022-11-13 19:55:13', NULL),
(1214, '0', '132', '22', '28', '2022-11-13 19:55:13', NULL),
(1215, '0', '133', '22', '28', '2022-11-13 19:55:13', NULL),
(1216, '0', '134', '22', '28', '2022-11-13 19:55:13', NULL),
(1217, '0', '135', '22', '28', '2022-11-13 19:55:13', NULL),
(1218, '0', '136', '22', '28', '2022-11-13 19:55:13', NULL),
(1219, '0', '137', '22', '28', '2022-11-13 19:55:13', NULL),
(1220, '0', '138', '22', '28', '2022-11-13 19:55:13', NULL),
(1221, '0', '139', '22', '28', '2022-11-13 19:55:13', NULL),
(1222, '0', '140', '22', '28', '2022-11-13 19:55:13', NULL),
(1223, '0', '141', '22', '28', '2022-11-13 19:55:13', NULL),
(1224, '0', '142', '22', '28', '2022-11-13 19:55:13', NULL),
(1225, '0', '143', '22', '28', '2022-11-13 19:55:13', NULL),
(1226, '0', '144', '22', '28', '2022-11-13 19:55:13', NULL),
(1227, '0', '145', '22', '28', '2022-11-13 19:55:13', NULL),
(1228, '0', '146', '22', '28', '2022-11-13 19:55:13', NULL),
(1229, '0', '147', '22', '28', '2022-11-13 19:55:13', NULL),
(1230, '0', '148', '22', '28', '2022-11-13 19:55:13', NULL),
(1231, 'https://ethernet.edu.et/', '1', '22', '29', '2022-11-13 20:01:30', NULL),
(1232, '2017', '2', '22', '29', '2022-11-13 20:01:30', NULL),
(1233, 'Ethiopian Education and Research Network (EthERNet) was launched to build and deliver highly interconnected and high performance networks for Universities and other Educational and Research Institutions in Ethiopia. More specifically, EthERNet was aimed to build and deliver high performance networking that connected these institutions with each other and similar institutions in the world, and by doing this to enable them to share educational resources and collaborate both within Ethiopia and globally.', '3', '22', '29', '2022-11-13 20:01:30', NULL),
(1234, 'N/A', '4', '22', '29', '2022-11-13 20:01:30', NULL),
(1235, '[\"Government entity\"]', '10', '22', '29', '2022-11-13 20:01:30', NULL),
(1236, 'N/A', '11', '22', '29', '2022-11-13 20:01:30', NULL),
(1237, '[\"none\",\"empty\"]', '12', '22', '29', '2022-11-13 20:01:30', NULL),
(1238, 'N/A', '14', '22', '29', '2022-11-13 20:01:30', NULL),
(1239, 'governed by the government', '15', '22', '29', '2022-11-13 20:01:30', NULL),
(1240, 'N/A', '16', '22', '29', '2022-11-13 20:01:30', NULL),
(1241, 'N/A', '17', '22', '29', '2022-11-13 20:01:30', NULL),
(1242, 'N/A', '18', '22', '29', '2022-11-13 20:01:30', NULL),
(1243, 'N/A', '19', '22', '29', '2022-11-13 20:01:30', NULL),
(1244, '[\"none\",\"empty\"]', '20', '22', '29', '2022-11-13 20:01:30', NULL),
(1245, '0', '21', '22', '29', '2022-11-13 20:01:30', NULL),
(1246, '0', '22', '22', '29', '2022-11-13 20:01:30', NULL),
(1247, '0', '23', '22', '29', '2022-11-13 20:01:30', NULL),
(1248, '0', '24', '22', '29', '2022-11-13 20:01:30', NULL),
(1249, 'N/A', '25', '22', '29', '2022-11-13 20:01:30', NULL),
(1250, 'N/A', '26', '22', '29', '2022-11-13 20:01:30', NULL),
(1251, 'N/A', '27', '22', '29', '2022-11-13 20:01:30', NULL),
(1252, '[\"none\",\"empty\"]', '28', '22', '29', '2022-11-13 20:01:30', NULL),
(1253, 'N/A', '29', '22', '29', '2022-11-13 20:01:30', NULL),
(1254, '[\"none\",\"empty\"]', '31', '22', '29', '2022-11-13 20:01:30', NULL),
(1255, 'N/A', '32', '22', '29', '2022-11-13 20:01:30', NULL),
(1256, 'N/A', '33', '22', '29', '2022-11-13 20:01:30', NULL),
(1257, 'N/A', '34', '22', '29', '2022-11-13 20:01:30', NULL),
(1258, 'N/A', '35', '22', '29', '2022-11-13 20:01:30', NULL),
(1259, '0', '36', '22', '29', '2022-11-13 20:01:30', NULL),
(1260, '0', '37', '22', '29', '2022-11-13 20:01:30', NULL),
(1261, '0', '38', '22', '29', '2022-11-13 20:01:30', NULL),
(1262, '[\"none\",\"empty\"]', '39', '22', '29', '2022-11-13 20:01:30', NULL),
(1263, 'N/A', '41', '22', '29', '2022-11-13 20:01:30', NULL),
(1264, '0', '42', '22', '29', '2022-11-13 20:01:30', NULL),
(1265, '0', '43', '22', '29', '2022-11-13 20:01:30', NULL),
(1266, '[\"none\",\"empty\"]', '50', '22', '29', '2022-11-13 20:01:30', NULL),
(1267, '0', '51', '22', '29', '2022-11-13 20:01:30', NULL),
(1268, '0', '52', '22', '29', '2022-11-13 20:01:30', NULL),
(1269, 'N/A', '53', '22', '29', '2022-11-13 20:01:30', NULL),
(1270, '0', '54', '22', '29', '2022-11-13 20:01:30', NULL),
(1271, '0', '55', '22', '29', '2022-11-13 20:01:30', NULL),
(1272, '[\"none\",\"empty\"]', '56', '22', '29', '2022-11-13 20:01:30', NULL),
(1273, 'N/A', '57', '22', '29', '2022-11-13 20:01:30', NULL),
(1274, '[\"none\",\"empty\"]', '58', '22', '29', '2022-11-13 20:01:30', NULL),
(1275, 'N/A', '59', '22', '29', '2022-11-13 20:01:30', NULL),
(1276, 'N/A', '60', '22', '29', '2022-11-13 20:01:30', NULL),
(1277, '[\"none\",\"empty\"]', '61', '22', '29', '2022-11-13 20:01:30', NULL),
(1278, 'N/A', '62', '22', '29', '2022-11-13 20:01:30', NULL),
(1279, '[\"none\",\"empty\"]', '63', '22', '29', '2022-11-13 20:01:30', NULL),
(1280, 'N/A', '64', '22', '29', '2022-11-13 20:01:30', NULL),
(1281, '[\"none\",\"empty\"]', '65', '22', '29', '2022-11-13 20:01:30', NULL),
(1282, 'N/A', '66', '22', '29', '2022-11-13 20:01:30', NULL),
(1283, '[\"none\",\"empty\"]', '67', '22', '29', '2022-11-13 20:01:30', NULL),
(1284, 'N/A', '68', '22', '29', '2022-11-13 20:01:30', NULL),
(1285, 'N/A', '69', '22', '29', '2022-11-13 20:01:30', NULL),
(1286, 'N/A', '70', '22', '29', '2022-11-13 20:01:30', NULL),
(1287, 'N/A', '80', '22', '29', '2022-11-13 20:01:30', NULL),
(1288, 'N/A', '81', '22', '29', '2022-11-13 20:01:30', NULL),
(1289, 'N/A', '82', '22', '29', '2022-11-13 20:01:30', NULL),
(1290, '[\"none\",\"empty\"]', '83', '22', '29', '2022-11-13 20:01:30', NULL),
(1291, 'N/A', '84', '22', '29', '2022-11-13 20:01:30', NULL),
(1292, '[\"none\",\"empty\"]', '85', '22', '29', '2022-11-13 20:01:30', NULL),
(1293, 'N/A', '86', '22', '29', '2022-11-13 20:01:30', NULL),
(1294, 'N/A', '87', '22', '29', '2022-11-13 20:01:30', NULL),
(1295, 'N/A', '88', '22', '29', '2022-11-13 20:01:30', NULL),
(1296, '4200000', '89', '22', '29', '2022-11-13 20:01:30', NULL),
(1297, '0', '90', '22', '29', '2022-11-13 20:01:30', NULL),
(1298, '[\"Other sources (please specify)\"]', '91', '22', '29', '2022-11-13 20:01:30', NULL),
(1299, 'Government', '92', '22', '29', '2022-11-13 20:01:31', NULL),
(1300, '51', '93', '22', '29', '2022-11-13 20:01:31', NULL),
(1301, '0', '96', '22', '29', '2022-11-13 20:01:31', NULL),
(1302, '0', '97', '22', '29', '2022-11-13 20:01:31', NULL),
(1303, '36', '98', '22', '29', '2022-11-13 20:01:31', NULL),
(1304, '0', '99', '22', '29', '2022-11-13 20:01:31', NULL),
(1305, '0', '100', '22', '29', '2022-11-13 20:01:31', NULL),
(1306, '0', '101', '22', '29', '2022-11-13 20:01:31', NULL),
(1307, '0', '102', '22', '29', '2022-11-13 20:01:31', NULL),
(1308, '0', '103', '22', '29', '2022-11-13 20:01:31', NULL),
(1309, '0', '104', '22', '29', '2022-11-13 20:01:31', NULL),
(1310, '0', '105', '22', '29', '2022-11-13 20:01:31', NULL),
(1311, '0', '106', '22', '29', '2022-11-13 20:01:31', NULL),
(1312, '0', '107', '22', '29', '2022-11-13 20:01:31', NULL),
(1313, '0', '108', '22', '29', '2022-11-13 20:01:31', NULL),
(1314, '0', '109', '22', '29', '2022-11-13 20:01:31', NULL),
(1315, '0', '110', '22', '29', '2022-11-13 20:01:31', NULL),
(1316, '0', '111', '22', '29', '2022-11-13 20:01:31', NULL),
(1317, '0', '112', '22', '29', '2022-11-13 20:01:31', NULL),
(1318, '0', '113', '22', '29', '2022-11-13 20:01:31', NULL),
(1319, '0', '114', '22', '29', '2022-11-13 20:01:31', NULL),
(1320, '0', '115', '22', '29', '2022-11-13 20:01:31', NULL),
(1321, '0', '116', '22', '29', '2022-11-13 20:01:31', NULL),
(1322, '0', '117', '22', '29', '2022-11-13 20:01:31', NULL),
(1323, '0', '118', '22', '29', '2022-11-13 20:01:31', NULL),
(1324, '0', '119', '22', '29', '2022-11-13 20:01:31', NULL),
(1325, '0', '120', '22', '29', '2022-11-13 20:01:31', NULL),
(1326, '0', '121', '22', '29', '2022-11-13 20:01:31', NULL),
(1327, '0', '122', '22', '29', '2022-11-13 20:01:31', NULL),
(1328, '0', '123', '22', '29', '2022-11-13 20:01:31', NULL),
(1329, '0', '124', '22', '29', '2022-11-13 20:01:31', NULL),
(1330, '0', '125', '22', '29', '2022-11-13 20:01:31', NULL),
(1331, '0', '126', '22', '29', '2022-11-13 20:01:31', NULL),
(1332, '0', '127', '22', '29', '2022-11-13 20:01:31', NULL),
(1333, '0', '128', '22', '29', '2022-11-13 20:01:31', NULL),
(1334, '0', '129', '22', '29', '2022-11-13 20:01:31', NULL),
(1335, '0', '130', '22', '29', '2022-11-13 20:01:31', NULL),
(1336, '0', '131', '22', '29', '2022-11-13 20:01:31', NULL),
(1337, '0', '132', '22', '29', '2022-11-13 20:01:31', NULL),
(1338, '0', '133', '22', '29', '2022-11-13 20:01:31', NULL),
(1339, '0', '134', '22', '29', '2022-11-13 20:01:31', NULL),
(1340, '0', '135', '22', '29', '2022-11-13 20:01:31', NULL),
(1341, '0', '136', '22', '29', '2022-11-13 20:01:31', NULL),
(1342, '0', '137', '22', '29', '2022-11-13 20:01:31', NULL),
(1343, '0', '138', '22', '29', '2022-11-13 20:01:31', NULL),
(1344, '0', '139', '22', '29', '2022-11-13 20:01:31', NULL),
(1345, '0', '140', '22', '29', '2022-11-13 20:01:31', NULL),
(1346, '0', '141', '22', '29', '2022-11-13 20:01:31', NULL),
(1347, '0', '142', '22', '29', '2022-11-13 20:01:31', NULL),
(1348, '0', '143', '22', '29', '2022-11-13 20:01:31', NULL),
(1349, '0', '144', '22', '29', '2022-11-13 20:01:31', NULL),
(1350, '0', '145', '22', '29', '2022-11-13 20:01:31', NULL),
(1351, '0', '146', '22', '29', '2022-11-13 20:01:31', NULL),
(1352, '0', '147', '22', '29', '2022-11-13 20:01:31', NULL),
(1353, '0', '148', '22', '29', '2022-11-13 20:01:31', NULL),
(1354, 'www.somaliren.org', '1', '22', '15', '2022-11-13 20:07:05', NULL),
(1355, '2008', '2', '22', '15', '2022-11-13 20:07:05', NULL),
(1356, 'SomaliREN mission can be found here https://somaliren.org/our-strategy/', '3', '22', '15', '2022-11-13 20:07:05', NULL),
(1357, 'N/A', '4', '22', '15', '2022-11-13 20:07:05', NULL),
(1358, '[\"Not-for-profit membership organisation\"]', '10', '22', '15', '2022-11-13 20:07:05', NULL),
(1359, 'N/A', '11', '22', '15', '2022-11-13 20:07:05', NULL),
(1360, '[\"none\",\"empty\"]', '12', '22', '15', '2022-11-13 20:07:05', NULL),
(1361, 'N/A', '14', '22', '15', '2022-11-13 20:07:05', NULL),
(1362, 'BoD 7 elected members by all memebr institutions and council members', '15', '22', '15', '2022-11-13 20:07:05', NULL),
(1363, 'N/A', '16', '22', '15', '2022-11-13 20:07:05', NULL),
(1364, 'N/A', '17', '22', '15', '2022-11-13 20:07:05', NULL),
(1365, 'N/A', '18', '22', '15', '2022-11-13 20:07:05', NULL),
(1366, 'N/A', '19', '22', '15', '2022-11-13 20:07:05', NULL),
(1367, '[\"none\",\"empty\"]', '20', '22', '15', '2022-11-13 20:07:05', NULL),
(1368, '0', '21', '22', '15', '2022-11-13 20:07:05', NULL),
(1369, '0', '22', '22', '15', '2022-11-13 20:07:05', NULL),
(1370, '0', '23', '22', '15', '2022-11-13 20:07:05', NULL),
(1371, '0', '24', '22', '15', '2022-11-13 20:07:05', NULL),
(1372, 'N/A', '25', '22', '15', '2022-11-13 20:07:05', NULL),
(1373, 'N/A', '26', '22', '15', '2022-11-13 20:07:05', NULL),
(1374, 'N/A', '27', '22', '15', '2022-11-13 20:07:05', NULL),
(1375, '[\"none\",\"empty\"]', '28', '22', '15', '2022-11-13 20:07:05', NULL),
(1376, 'N/A', '29', '22', '15', '2022-11-13 20:07:05', NULL),
(1377, '[\"none\",\"empty\"]', '31', '22', '15', '2022-11-13 20:07:05', NULL),
(1378, 'N/A', '32', '22', '15', '2022-11-13 20:07:05', NULL),
(1379, 'N/A', '33', '22', '15', '2022-11-13 20:07:05', NULL),
(1380, 'N/A', '34', '22', '15', '2022-11-13 20:07:05', NULL),
(1381, 'N/A', '35', '22', '15', '2022-11-13 20:07:05', NULL),
(1382, '0', '36', '22', '15', '2022-11-13 20:07:05', NULL),
(1383, '0', '37', '22', '15', '2022-11-13 20:07:05', NULL),
(1384, '0', '38', '22', '15', '2022-11-13 20:07:05', NULL),
(1385, '[\"none\",\"empty\"]', '39', '22', '15', '2022-11-13 20:07:05', NULL),
(1386, 'N/A', '41', '22', '15', '2022-11-13 20:07:05', NULL),
(1387, '0', '42', '22', '15', '2022-11-13 20:07:05', NULL),
(1388, '0', '43', '22', '15', '2022-11-13 20:07:05', NULL),
(1389, '[\"none\",\"empty\"]', '50', '22', '15', '2022-11-13 20:07:05', NULL),
(1390, '0', '51', '22', '15', '2022-11-13 20:07:05', NULL),
(1391, '0', '52', '22', '15', '2022-11-13 20:07:05', NULL),
(1392, 'N/A', '53', '22', '15', '2022-11-13 20:07:05', NULL),
(1393, '0', '54', '22', '15', '2022-11-13 20:07:05', NULL),
(1394, '0', '55', '22', '15', '2022-11-13 20:07:05', NULL),
(1395, '[\"none\",\"empty\"]', '56', '22', '15', '2022-11-13 20:07:05', NULL),
(1396, 'N/A', '57', '22', '15', '2022-11-13 20:07:05', NULL),
(1397, '[\"none\",\"empty\"]', '58', '22', '15', '2022-11-13 20:07:05', NULL),
(1398, 'N/A', '59', '22', '15', '2022-11-13 20:07:05', NULL),
(1399, 'N/A', '60', '22', '15', '2022-11-13 20:07:05', NULL),
(1400, '[\"none\",\"empty\"]', '61', '22', '15', '2022-11-13 20:07:05', NULL),
(1401, 'N/A', '62', '22', '15', '2022-11-13 20:07:06', NULL),
(1402, '[\"none\",\"empty\"]', '63', '22', '15', '2022-11-13 20:07:06', NULL),
(1403, 'N/A', '64', '22', '15', '2022-11-13 20:07:06', NULL),
(1404, '[\"none\",\"empty\"]', '65', '22', '15', '2022-11-13 20:07:06', NULL),
(1405, 'N/A', '66', '22', '15', '2022-11-13 20:07:06', NULL),
(1406, '[\"none\",\"empty\"]', '67', '22', '15', '2022-11-13 20:07:06', NULL),
(1407, 'N/A', '68', '22', '15', '2022-11-13 20:07:06', NULL),
(1408, 'N/A', '69', '22', '15', '2022-11-13 20:07:06', NULL),
(1409, 'N/A', '70', '22', '15', '2022-11-13 20:07:06', NULL),
(1410, 'N/A', '80', '22', '15', '2022-11-13 20:07:06', NULL),
(1411, 'N/A', '81', '22', '15', '2022-11-13 20:07:06', NULL),
(1412, 'N/A', '82', '22', '15', '2022-11-13 20:07:06', NULL),
(1413, '[\"none\",\"empty\"]', '83', '22', '15', '2022-11-13 20:07:06', NULL),
(1414, 'N/A', '84', '22', '15', '2022-11-13 20:07:06', NULL),
(1415, '[\"none\",\"empty\"]', '85', '22', '15', '2022-11-13 20:07:06', NULL),
(1416, 'N/A', '86', '22', '15', '2022-11-13 20:07:06', NULL),
(1417, 'N/A', '87', '22', '15', '2022-11-13 20:07:06', NULL),
(1418, 'N/A', '88', '22', '15', '2022-11-13 20:07:06', NULL),
(1419, '0', '89', '22', '15', '2022-11-13 20:07:06', NULL),
(1420, '0', '90', '22', '15', '2022-11-13 20:07:06', NULL),
(1421, '[\"none\",\"empty\"]', '91', '22', '15', '2022-11-13 20:07:06', NULL),
(1422, 'N/A', '92', '22', '15', '2022-11-13 20:07:06', NULL),
(1423, '0', '93', '22', '15', '2022-11-13 20:07:06', NULL),
(1424, '0', '96', '22', '15', '2022-11-13 20:07:06', NULL),
(1425, '0', '97', '22', '15', '2022-11-13 20:07:06', NULL),
(1426, '0', '98', '22', '15', '2022-11-13 20:07:06', NULL),
(1427, '0', '99', '22', '15', '2022-11-13 20:07:06', NULL),
(1428, '0', '100', '22', '15', '2022-11-13 20:07:06', NULL),
(1429, '0', '101', '22', '15', '2022-11-13 20:07:06', NULL),
(1430, '0', '102', '22', '15', '2022-11-13 20:07:06', NULL),
(1431, '0', '103', '22', '15', '2022-11-13 20:07:06', NULL),
(1432, '0', '104', '22', '15', '2022-11-13 20:07:06', NULL),
(1433, '0', '105', '22', '15', '2022-11-13 20:07:06', NULL),
(1434, '0', '106', '22', '15', '2022-11-13 20:07:06', NULL),
(1435, '0', '107', '22', '15', '2022-11-13 20:07:06', NULL),
(1436, '0', '108', '22', '15', '2022-11-13 20:07:06', NULL),
(1437, '0', '109', '22', '15', '2022-11-13 20:07:06', NULL),
(1438, '0', '110', '22', '15', '2022-11-13 20:07:06', NULL),
(1439, '0', '111', '22', '15', '2022-11-13 20:07:06', NULL),
(1440, '0', '112', '22', '15', '2022-11-13 20:07:06', NULL),
(1441, '0', '113', '22', '15', '2022-11-13 20:07:06', NULL),
(1442, '0', '114', '22', '15', '2022-11-13 20:07:06', NULL),
(1443, '0', '115', '22', '15', '2022-11-13 20:07:06', NULL),
(1444, '0', '116', '22', '15', '2022-11-13 20:07:06', NULL),
(1445, '0', '117', '22', '15', '2022-11-13 20:07:06', NULL),
(1446, '0', '118', '22', '15', '2022-11-13 20:07:06', NULL),
(1447, '0', '119', '22', '15', '2022-11-13 20:07:06', NULL),
(1448, '0', '120', '22', '15', '2022-11-13 20:07:06', NULL),
(1449, '0', '121', '22', '15', '2022-11-13 20:07:06', NULL),
(1450, '0', '122', '22', '15', '2022-11-13 20:07:06', NULL),
(1451, '0', '123', '22', '15', '2022-11-13 20:07:06', NULL),
(1452, '0', '124', '22', '15', '2022-11-13 20:07:06', NULL),
(1453, '0', '125', '22', '15', '2022-11-13 20:07:06', NULL),
(1454, '0', '126', '22', '15', '2022-11-13 20:07:06', NULL),
(1455, '0', '127', '22', '15', '2022-11-13 20:07:06', NULL),
(1456, '0', '128', '22', '15', '2022-11-13 20:07:06', NULL),
(1457, '0', '129', '22', '15', '2022-11-13 20:07:06', NULL),
(1458, '0', '130', '22', '15', '2022-11-13 20:07:06', NULL),
(1459, '0', '131', '22', '15', '2022-11-13 20:07:06', NULL),
(1460, '0', '132', '22', '15', '2022-11-13 20:07:06', NULL),
(1461, '0', '133', '22', '15', '2022-11-13 20:07:06', NULL),
(1462, '0', '134', '22', '15', '2022-11-13 20:07:06', NULL),
(1463, '0', '135', '22', '15', '2022-11-13 20:07:06', NULL),
(1464, '0', '136', '22', '15', '2022-11-13 20:07:06', NULL),
(1465, '0', '137', '22', '15', '2022-11-13 20:07:06', NULL),
(1466, '0', '138', '22', '15', '2022-11-13 20:07:06', NULL),
(1467, '0', '139', '22', '15', '2022-11-13 20:07:06', NULL),
(1468, '0', '140', '22', '15', '2022-11-13 20:07:06', NULL),
(1469, '0', '141', '22', '15', '2022-11-13 20:07:06', NULL),
(1470, '0', '142', '22', '15', '2022-11-13 20:07:06', NULL),
(1471, '0', '143', '22', '15', '2022-11-13 20:07:06', NULL),
(1472, '0', '144', '22', '15', '2022-11-13 20:07:06', NULL),
(1473, '0', '145', '22', '15', '2022-11-13 20:07:06', NULL),
(1474, '0', '146', '22', '15', '2022-11-13 20:07:06', NULL),
(1475, '0', '147', '22', '15', '2022-11-13 20:07:06', NULL),
(1476, '0', '148', '22', '15', '2022-11-13 20:07:06', NULL),
(1477, 'https://www.tenet.ac.za', '1', '22', '30', '2022-11-13 20:12:46', NULL),
(1478, '2000', '2', '22', '30', '2022-11-13 20:12:46', NULL),
(1479, 'TENET provides internetworking and related services to public higher education and research entities.', '3', '22', '30', '2022-11-13 20:12:46', NULL),
(1480, 'N/A', '4', '22', '30', '2022-11-13 20:12:46', NULL),
(1481, '[\"Not-for-profit company or trust\"]', '10', '22', '30', '2022-11-13 20:12:46', NULL),
(1482, 'N/A', '11', '22', '30', '2022-11-13 20:12:46', NULL),
(1483, '[\"none\",\"empty\"]', '12', '22', '30', '2022-11-13 20:12:46', NULL),
(1484, 'N/A', '14', '22', '30', '2022-11-13 20:12:46', NULL),
(1485, '26 public universities and six statutory research entities are Members.', '15', '22', '30', '2022-11-13 20:12:46', NULL),
(1486, 'N/A', '16', '22', '30', '2022-11-13 20:12:46', NULL),
(1487, 'N/A', '17', '22', '30', '2022-11-13 20:12:46', NULL),
(1488, 'N/A', '18', '22', '30', '2022-11-13 20:12:46', NULL),
(1489, 'N/A', '19', '22', '30', '2022-11-13 20:12:46', NULL),
(1490, '[\"none\",\"empty\"]', '20', '22', '30', '2022-11-13 20:12:46', NULL),
(1491, '0', '21', '22', '30', '2022-11-13 20:12:46', NULL),
(1492, '0', '22', '22', '30', '2022-11-13 20:12:46', NULL),
(1493, '0', '23', '22', '30', '2022-11-13 20:12:46', NULL),
(1494, '0', '24', '22', '30', '2022-11-13 20:12:46', NULL),
(1495, 'N/A', '25', '22', '30', '2022-11-13 20:12:46', NULL),
(1496, 'N/A', '26', '22', '30', '2022-11-13 20:12:46', NULL),
(1497, 'N/A', '27', '22', '30', '2022-11-13 20:12:46', NULL),
(1498, '[\"none\",\"empty\"]', '28', '22', '30', '2022-11-13 20:12:46', NULL),
(1499, 'N/A', '29', '22', '30', '2022-11-13 20:12:46', NULL),
(1500, '[\"none\",\"empty\"]', '31', '22', '30', '2022-11-13 20:12:46', NULL),
(1501, 'N/A', '32', '22', '30', '2022-11-13 20:12:46', NULL),
(1502, 'N/A', '33', '22', '30', '2022-11-13 20:12:46', NULL),
(1503, 'N/A', '34', '22', '30', '2022-11-13 20:12:46', NULL),
(1504, 'N/A', '35', '22', '30', '2022-11-13 20:12:46', NULL),
(1505, '0', '36', '22', '30', '2022-11-13 20:12:46', NULL),
(1506, '0', '37', '22', '30', '2022-11-13 20:12:46', NULL),
(1507, '0', '38', '22', '30', '2022-11-13 20:12:47', NULL),
(1508, '[\"none\",\"empty\"]', '39', '22', '30', '2022-11-13 20:12:47', NULL),
(1509, 'N/A', '41', '22', '30', '2022-11-13 20:12:47', NULL),
(1510, '0', '42', '22', '30', '2022-11-13 20:12:47', NULL),
(1511, '0', '43', '22', '30', '2022-11-13 20:12:47', NULL),
(1512, '[\"none\",\"empty\"]', '50', '22', '30', '2022-11-13 20:12:47', NULL),
(1513, '0', '51', '22', '30', '2022-11-13 20:12:47', NULL),
(1514, '0', '52', '22', '30', '2022-11-13 20:12:47', NULL),
(1515, 'N/A', '53', '22', '30', '2022-11-13 20:12:47', NULL),
(1516, '0', '54', '22', '30', '2022-11-13 20:12:47', NULL),
(1517, '0', '55', '22', '30', '2022-11-13 20:12:47', NULL),
(1518, '[\"none\",\"empty\"]', '56', '22', '30', '2022-11-13 20:12:47', NULL),
(1519, 'N/A', '57', '22', '30', '2022-11-13 20:12:47', NULL),
(1520, '[\"none\",\"empty\"]', '58', '22', '30', '2022-11-13 20:12:47', NULL),
(1521, 'N/A', '59', '22', '30', '2022-11-13 20:12:47', NULL),
(1522, 'N/A', '60', '22', '30', '2022-11-13 20:12:47', NULL),
(1523, '[\"none\",\"empty\"]', '61', '22', '30', '2022-11-13 20:12:47', NULL),
(1524, 'N/A', '62', '22', '30', '2022-11-13 20:12:47', NULL),
(1525, '[\"none\",\"empty\"]', '63', '22', '30', '2022-11-13 20:12:47', NULL),
(1526, 'N/A', '64', '22', '30', '2022-11-13 20:12:47', NULL),
(1527, '[\"none\",\"empty\"]', '65', '22', '30', '2022-11-13 20:12:47', NULL),
(1528, 'N/A', '66', '22', '30', '2022-11-13 20:12:47', NULL),
(1529, '[\"none\",\"empty\"]', '67', '22', '30', '2022-11-13 20:12:47', NULL),
(1530, 'N/A', '68', '22', '30', '2022-11-13 20:12:47', NULL),
(1531, 'N/A', '69', '22', '30', '2022-11-13 20:12:47', NULL),
(1532, 'N/A', '70', '22', '30', '2022-11-13 20:12:47', NULL),
(1533, 'N/A', '80', '22', '30', '2022-11-13 20:12:47', NULL),
(1534, 'N/A', '81', '22', '30', '2022-11-13 20:12:47', NULL),
(1535, 'N/A', '82', '22', '30', '2022-11-13 20:12:47', NULL),
(1536, '[\"none\",\"empty\"]', '83', '22', '30', '2022-11-13 20:12:47', NULL),
(1537, 'N/A', '84', '22', '30', '2022-11-13 20:12:47', NULL),
(1538, '[\"none\",\"empty\"]', '85', '22', '30', '2022-11-13 20:12:47', NULL),
(1539, 'N/A', '86', '22', '30', '2022-11-13 20:12:47', NULL),
(1540, 'N/A', '87', '22', '30', '2022-11-13 20:12:47', NULL),
(1541, 'N/A', '88', '22', '30', '2022-11-13 20:12:47', NULL),
(1542, '8500000', '89', '22', '30', '2022-11-13 20:12:47', NULL),
(1543, '6000000', '90', '22', '30', '2022-11-13 20:12:47', NULL),
(1544, '[\"Fees from services\",\"Other sources (please specify)\"]', '91', '22', '30', '2022-11-13 20:12:47', NULL),
(1545, 'Fees for services/project administration, and interest on investments', '92', '22', '30', '2022-11-13 20:12:47', NULL),
(1546, '0', '93', '22', '30', '2022-11-13 20:12:47', NULL),
(1547, '0', '96', '22', '30', '2022-11-13 20:12:47', NULL),
(1548, '26', '97', '22', '30', '2022-11-13 20:12:47', NULL),
(1549, '26', '98', '22', '30', '2022-11-13 20:12:47', NULL),
(1550, '0', '99', '22', '30', '2022-11-13 20:12:47', NULL),
(1551, '0', '100', '22', '30', '2022-11-13 20:12:47', NULL),
(1552, '0', '101', '22', '30', '2022-11-13 20:12:47', NULL),
(1553, '0', '102', '22', '30', '2022-11-13 20:12:47', NULL),
(1554, '6', '103', '22', '30', '2022-11-13 20:12:47', NULL),
(1555, '23', '104', '22', '30', '2022-11-13 20:12:47', NULL),
(1556, '0', '105', '22', '30', '2022-11-13 20:12:47', NULL),
(1557, '0', '106', '22', '30', '2022-11-13 20:12:47', NULL),
(1558, '0', '107', '22', '30', '2022-11-13 20:12:47', NULL),
(1559, '0', '108', '22', '30', '2022-11-13 20:12:47', NULL),
(1560, '0', '109', '22', '30', '2022-11-13 20:12:47', NULL),
(1561, '0', '110', '22', '30', '2022-11-13 20:12:47', NULL),
(1562, '0', '111', '22', '30', '2022-11-13 20:12:47', NULL),
(1563, '0', '112', '22', '30', '2022-11-13 20:12:47', NULL),
(1564, '0', '113', '22', '30', '2022-11-13 20:12:47', NULL),
(1565, '0', '114', '22', '30', '2022-11-13 20:12:47', NULL),
(1566, '0', '115', '22', '30', '2022-11-13 20:12:47', NULL),
(1567, '0', '116', '22', '30', '2022-11-13 20:12:47', NULL),
(1568, '0', '117', '22', '30', '2022-11-13 20:12:47', NULL);
INSERT INTO `answers` (`id`, `name`, `questionid`, `surveyid`, `userid`, `created_at`, `updated_at`) VALUES
(1569, '0', '118', '22', '30', '2022-11-13 20:12:47', NULL),
(1570, '0', '119', '22', '30', '2022-11-13 20:12:47', NULL),
(1571, '0', '120', '22', '30', '2022-11-13 20:12:47', NULL),
(1572, '0', '121', '22', '30', '2022-11-13 20:12:47', NULL),
(1573, '0', '122', '22', '30', '2022-11-13 20:12:47', NULL),
(1574, '0', '123', '22', '30', '2022-11-13 20:12:47', NULL),
(1575, '0', '124', '22', '30', '2022-11-13 20:12:47', NULL),
(1576, '0', '125', '22', '30', '2022-11-13 20:12:47', NULL),
(1577, '0', '126', '22', '30', '2022-11-13 20:12:47', NULL),
(1578, '0', '127', '22', '30', '2022-11-13 20:12:47', NULL),
(1579, '1', '128', '22', '30', '2022-11-13 20:12:47', NULL),
(1580, '0', '129', '22', '30', '2022-11-13 20:12:47', NULL),
(1581, '0', '130', '22', '30', '2022-11-13 20:12:47', NULL),
(1582, '0', '131', '22', '30', '2022-11-13 20:12:47', NULL),
(1583, '0', '132', '22', '30', '2022-11-13 20:12:47', NULL),
(1584, '0', '133', '22', '30', '2022-11-13 20:12:47', NULL),
(1585, '0', '134', '22', '30', '2022-11-13 20:12:47', NULL),
(1586, '0', '135', '22', '30', '2022-11-13 20:12:47', NULL),
(1587, '0', '136', '22', '30', '2022-11-13 20:12:47', NULL),
(1588, '0', '137', '22', '30', '2022-11-13 20:12:47', NULL),
(1589, '0', '138', '22', '30', '2022-11-13 20:12:47', NULL),
(1590, '0', '139', '22', '30', '2022-11-13 20:12:47', NULL),
(1591, '0', '140', '22', '30', '2022-11-13 20:12:47', NULL),
(1592, '0', '141', '22', '30', '2022-11-13 20:12:47', NULL),
(1593, '0', '142', '22', '30', '2022-11-13 20:12:47', NULL),
(1594, '0', '143', '22', '30', '2022-11-13 20:12:47', NULL),
(1595, '0', '144', '22', '30', '2022-11-13 20:12:47', NULL),
(1596, '0', '145', '22', '30', '2022-11-13 20:12:47', NULL),
(1597, '0', '146', '22', '30', '2022-11-13 20:12:47', NULL),
(1598, '0', '147', '22', '30', '2022-11-13 20:12:47', NULL),
(1599, '0', '148', '22', '30', '2022-11-13 20:12:47', NULL);

-- --------------------------------------------------------

--
-- Table structure for table `failed_jobs`
--

CREATE TABLE `failed_jobs` (
  `id` bigint(20) UNSIGNED NOT NULL,
  `uuid` varchar(255) COLLATE utf8mb4_unicode_ci NOT NULL,
  `connection` text COLLATE utf8mb4_unicode_ci NOT NULL,
  `queue` text COLLATE utf8mb4_unicode_ci NOT NULL,
  `payload` longtext COLLATE utf8mb4_unicode_ci NOT NULL,
  `exception` longtext COLLATE utf8mb4_unicode_ci NOT NULL,
  `failed_at` timestamp NOT NULL DEFAULT current_timestamp()
) ENGINE=InnoDB DEFAULT CHARSET=utf8mb4 COLLATE=utf8mb4_unicode_ci;

-- --------------------------------------------------------

--
-- Table structure for table `migrations`
--

CREATE TABLE `migrations` (
  `id` int(10) UNSIGNED NOT NULL,
  `migration` varchar(255) COLLATE utf8mb4_unicode_ci NOT NULL,
  `batch` int(11) NOT NULL
) ENGINE=InnoDB DEFAULT CHARSET=utf8mb4 COLLATE=utf8mb4_unicode_ci;

--
-- Dumping data for table `migrations`
--

INSERT INTO `migrations` (`id`, `migration`, `batch`) VALUES
(1, '2014_10_12_000000_create_users_table', 1),
(2, '2014_10_12_100000_create_password_resets_table', 1),
(3, '2019_08_19_000000_create_failed_jobs_table', 1),
(4, '2019_12_14_000001_create_personal_access_tokens_table', 1),
(5, '2020_11_11_065705_create_roles_table', 1),
(6, '2020_11_12_073142_create_profiles_table', 1),
(7, '2020_11_13_000001_create_role_user_table', 1),
(8, '2020_11_19_072559_create_permissions_table', 1),
(9, '2021_01_04_050820_create_activity_log_table', 1),
(10, '2021_05_26_123406_create_settings_table', 1),
(11, '2021_05_28_043043_create_preferences_table', 1),
(12, '2021_05_28_051525_create_preference_user_table', 1),
(13, '2022_09_07_123001_create_surveys_table', 1),
(14, '2022_09_07_172020_create_questions_table', 1),
(15, '2022_09_07_172607_create_answers_table', 1),
(16, '2022_09_11_001905_add_step_to_surveys', 1),
(17, '2022_09_11_001927_add_step_to_questions', 1),
(18, '2022_09_15_074900_create_template_table', 1),
(19, '2022_09_20_181051_add_status_tto_surveys', 1),
(20, '2022_09_24_063314_create_surveystatus_table', 1),
(21, '2022_09_26_183521_create_nren_table', 1),
(22, '2022_10_01_081556_create_saved_table', 1),
(32, '2022_10_30_074259_create_nrenuser', 2);

-- --------------------------------------------------------

--
-- Table structure for table `nren`
--

CREATE TABLE `nren` (
  `id` bigint(20) UNSIGNED NOT NULL,
  `userid` varchar(255) COLLATE utf8mb4_unicode_ci NOT NULL,
  `nren` varchar(255) COLLATE utf8mb4_unicode_ci NOT NULL,
  `networkname` varchar(255) COLLATE utf8mb4_unicode_ci NOT NULL,
  `country` varchar(255) COLLATE utf8mb4_unicode_ci NOT NULL,
  `website` varchar(255) COLLATE utf8mb4_unicode_ci NOT NULL,
  `address` longtext COLLATE utf8mb4_unicode_ci NOT NULL,
  `generalemail` varchar(255) COLLATE utf8mb4_unicode_ci NOT NULL,
  `tel` varchar(255) COLLATE utf8mb4_unicode_ci NOT NULL,
  `fax` varchar(255) COLLATE utf8mb4_unicode_ci NOT NULL,
  `yearofcreation` varchar(255) COLLATE utf8mb4_unicode_ci NOT NULL,
  `relationshipwithgovernment` longtext COLLATE utf8mb4_unicode_ci DEFAULT NULL,
  `legalentitytype` longtext COLLATE utf8mb4_unicode_ci DEFAULT NULL,
  `governance` longtext COLLATE utf8mb4_unicode_ci NOT NULL,
  `created_at` timestamp NULL DEFAULT NULL,
  `updated_at` timestamp NULL DEFAULT NULL
) ENGINE=InnoDB DEFAULT CHARSET=utf8mb4 COLLATE=utf8mb4_unicode_ci;

--
-- Dumping data for table `nren`
--

INSERT INTO `nren` (`id`, `userid`, `nren`, `networkname`, `country`, `website`, `address`, `generalemail`, `tel`, `fax`, `yearofcreation`, `relationshipwithgovernment`, `legalentitytype`, `governance`, `created_at`, `updated_at`) VALUES
(15, '26', 'SomaliREN', 'N/A', 'Somalia', 'www.somaliren.org', 'N/A', 'EMPTY@GMAIL.COM', 'N/A', 'N/A', '2008', '[\"others\"]', '[\"not-for profit membership organisation\"]', 'Council of Members, Board of Directors and Sectratriat', '2022-10-06 12:03:57', '2022-10-06 12:07:39'),
(19, '1', 'fastnet', 'Kenya Network', 'Uganda', 'ket.ug', 'Kàmpalà. City', 'brunodonatelo@gmail.com', '9988', 'ii', '2000', '[\"Endorsed by Ministry of Education\"]', '[\"not-for profit membership organisation\"]', 'jj', '2022-10-30 13:04:39', NULL),
(20, '1', 'RENU', 'THE RESEARCH & EDUCATION NETWORK FOR UGANDA  (RENU)', 'Uganda', 'www.renu.ac.ug', 'N/A', 'email@email.com', 'N/A', 'N/A', '2006', '[\"not answered\"]', '[\"others\"]', 'N/A', '2022-11-09 19:27:29', '2022-11-09 19:29:20'),
(21, '1', 'MAREN', 'Malawi Research and Education Network (MAREN)', 'Malawi', 'N/A', 'N/A', 'email@email.com', 'N/A', 'N/A', '2007', '[\"not answered\"]', '[\"limited liability company\"]', 'N/A', '2022-11-09 19:32:59', NULL),
(22, '1', 'KENET', 'KENET', 'Kenya', 'https://www.kenet.or.ke', 'N/A', 'email@email.com', 'N/A', 'N/A', '2000', '[\"not answered\"]', '[\"not-for-profit trust\"]', 'N/A', '2022-11-09 19:35:49', NULL),
(23, '1', 'ZAMREN', 'Zambia Research and Education Network (ZAMREN)', 'Zambia', 'www.zamren.zm', 'N/A', 'email@email.com', 'N/A', 'N/A', 'N/A', '[\"not answered\"]', '[\"not answered\"]', 'N/A', '2022-11-09 19:39:33', NULL),
(24, '1', 'TERNET', 'TANZANIA EDUCATION AND RESEARCH NETWORK', 'Tanzania', 'www.ternet.or.tz', 'N/A', 'email@email.com', 'N/A', 'N/A', '2008', '[\"not answered\"]', '[\"not answered\"]', 'Annual General , Trustee Board, Executive committee, secretariat.', '2022-11-09 19:51:54', '2022-11-10 14:18:06'),
(25, '1', 'SudREN', 'Sudanese Research and Education Network', 'Sudan', 'http://sudren.edu.sd/index.php', 'N/A', 'email@email.com', 'N/A', 'N/A', '2004', '[\"not answered\"]', '[\"not answered\"]', 'There is an ongoing process to restablish a governance model for SudREN', '2022-11-09 19:53:57', '2022-11-13 19:04:27'),
(26, '1', 'MoRENet', 'N/A', 'Mozambique', 'https://morenet.ac.mz/', 'N/A', 'email@email.com', 'N/A', 'N/A', '2005', '[\"not answered\"]', '[\"not-for-profit trust\"]', 'N/A', '2022-11-09 19:56:24', NULL),
(27, '1', 'i RENALA', 'N/A', 'Madagascar', 'https://www.irenala.edu.mg', 'N/A', 'email@email.com', 'N/A', 'N/A', '07th June 2012', '[\"not answered\"]', '[\"not-for profit membership organisation\"]', 'General Assembly / Board / Operational Unit', '2022-11-09 20:02:51', NULL),
(28, '1', 'BERNET', 'N/A', 'Burundi', 'gnjejimana@gmail.com', 'N/A', 'email@email.com', 'N/A', 'N/A', '2014', '[\"not answered\"]', '[\"not answered\"]', 'General Assembly, Executive Committee, a part time personnel such as a CEO and an engineer.', '2022-11-09 20:08:43', NULL),
(29, '1', 'EthERNet', 'Ethiopian Education and Research Network (EthERNet)', 'Ethiopia', 'https://ethernet.edu.et/', 'N/A', 'email@email.com', 'N/A', 'N/A', '2017', '[\"not answered\"]', '[\"government entity\"]', 'governed by the government', '2022-11-09 20:13:49', NULL),
(30, '1', 'TENET', 'Tertiary Education and Research Network of South Africa (TENET).', 'South Africa', 'https://www.tenet.ac.za', 'N/A', 'email@email.com', 'N/A', 'N/A', '2000', '[\"not answered\"]', '[\"not answered\"]', 'Member entities acting in General Meeting appoint the Board of Directors.', '2022-11-09 20:19:32', '2022-11-09 20:56:31'),
(31, '1', 'ZIMREN', 'N/A', 'Zimbabwe', 'N/A', 'N/A', 'email@email.com', 'N/A', 'N/A', 'N/A', '[\"not answered\"]', '[\"not answered\"]', 'N/A', '2022-11-13 19:25:51', NULL);

-- --------------------------------------------------------

--
-- Table structure for table `nrenuser`
--

CREATE TABLE `nrenuser` (
  `id` bigint(20) UNSIGNED NOT NULL,
  `userid` varchar(255) COLLATE utf8mb4_unicode_ci NOT NULL,
  `nrenid` varchar(255) COLLATE utf8mb4_unicode_ci NOT NULL,
  `created_at` timestamp NULL DEFAULT NULL,
  `updated_at` timestamp NULL DEFAULT NULL
) ENGINE=InnoDB DEFAULT CHARSET=utf8mb4 COLLATE=utf8mb4_unicode_ci;

--
-- Dumping data for table `nrenuser`
--

INSERT INTO `nrenuser` (`id`, `userid`, `nrenid`, `created_at`, `updated_at`) VALUES
(1, '26', '15', '2022-10-30 08:50:13', '2022-11-09 20:40:33'),
(12, '32', '19', '2022-10-31 08:59:47', NULL),
(13, '16', '21', '2022-11-09 20:21:09', NULL),
(14, '21', '27', '2022-11-09 20:23:18', '2022-11-09 20:31:11'),
(15, '17', '28', '2022-11-09 20:24:22', NULL),
(16, '24', '20', '2022-11-09 20:26:05', NULL),
(17, '22', '22', '2022-11-09 20:27:13', NULL),
(18, '29', '24', '2022-11-09 20:32:27', '2022-11-10 14:17:45'),
(19, '27', '25', '2022-11-09 20:35:33', NULL),
(20, '23', '26', '2022-11-09 20:36:54', NULL),
(21, '20', '29', '2022-11-09 20:39:55', NULL),
(22, '28', '30', '2022-11-10 14:17:34', NULL),
(23, '30', '23', '2022-11-13 18:50:44', NULL),
(24, '31', '31', '2022-11-13 19:26:10', NULL);

-- --------------------------------------------------------

--
-- Table structure for table `password_resets`
--

CREATE TABLE `password_resets` (
  `email` varchar(255) COLLATE utf8mb4_unicode_ci NOT NULL,
  `token` varchar(255) COLLATE utf8mb4_unicode_ci NOT NULL,
  `created_at` timestamp NULL DEFAULT NULL
) ENGINE=InnoDB DEFAULT CHARSET=utf8mb4 COLLATE=utf8mb4_unicode_ci;

-- --------------------------------------------------------

--
-- Table structure for table `permissions`
--

CREATE TABLE `permissions` (
  `id` bigint(20) UNSIGNED NOT NULL,
  `browse` tinyint(1) NOT NULL DEFAULT 1,
  `read` tinyint(1) NOT NULL DEFAULT 1,
  `edit` tinyint(1) NOT NULL DEFAULT 1,
  `add` tinyint(1) NOT NULL DEFAULT 1,
  `delete` tinyint(1) NOT NULL DEFAULT 1,
  `name` varchar(255) COLLATE utf8mb4_unicode_ci DEFAULT NULL,
  `can` tinyint(1) DEFAULT NULL,
  `role_id` bigint(20) UNSIGNED NOT NULL,
  `model` varchar(255) COLLATE utf8mb4_unicode_ci NOT NULL DEFAULT 'all',
  `created_at` timestamp NULL DEFAULT NULL,
  `updated_at` timestamp NULL DEFAULT NULL
) ENGINE=InnoDB DEFAULT CHARSET=utf8mb4 COLLATE=utf8mb4_unicode_ci;

--
-- Dumping data for table `permissions`
--

INSERT INTO `permissions` (`id`, `browse`, `read`, `edit`, `add`, `delete`, `name`, `can`, `role_id`, `model`, `created_at`, `updated_at`) VALUES
(1, 1, 1, 1, 1, 1, NULL, NULL, 2, 'Role', '2022-10-03 08:28:21', '2022-10-03 08:28:21'),
(2, 1, 1, 1, 1, 1, NULL, NULL, 2, 'Permission', '2022-10-03 08:28:21', '2022-10-03 08:28:21'),
(3, 1, 1, 1, 1, 1, NULL, NULL, 2, 'User', '2022-10-03 08:28:21', '2022-10-03 08:28:21'),
(4, 1, 1, 1, 1, 1, NULL, NULL, 2, 'Setting', '2022-10-03 08:28:21', '2022-10-03 08:28:21'),
(5, 1, 1, 1, 1, 1, NULL, NULL, 2, 'Preference', '2022-10-03 08:28:21', '2022-10-03 08:28:21');

-- --------------------------------------------------------

--
-- Table structure for table `personal_access_tokens`
--

CREATE TABLE `personal_access_tokens` (
  `id` bigint(20) UNSIGNED NOT NULL,
  `tokenable_type` varchar(255) COLLATE utf8mb4_unicode_ci NOT NULL,
  `tokenable_id` bigint(20) UNSIGNED NOT NULL,
  `name` varchar(255) COLLATE utf8mb4_unicode_ci NOT NULL,
  `token` varchar(64) COLLATE utf8mb4_unicode_ci NOT NULL,
  `abilities` text COLLATE utf8mb4_unicode_ci DEFAULT NULL,
  `last_used_at` timestamp NULL DEFAULT NULL,
  `created_at` timestamp NULL DEFAULT NULL,
  `updated_at` timestamp NULL DEFAULT NULL
) ENGINE=InnoDB DEFAULT CHARSET=utf8mb4 COLLATE=utf8mb4_unicode_ci;

-- --------------------------------------------------------

--
-- Table structure for table `preferences`
--

CREATE TABLE `preferences` (
  `id` bigint(20) UNSIGNED NOT NULL,
  `preference` varchar(255) COLLATE utf8mb4_unicode_ci NOT NULL,
  `description` varchar(255) COLLATE utf8mb4_unicode_ci NOT NULL,
  `roles` longtext CHARACTER SET utf8mb4 COLLATE utf8mb4_bin DEFAULT NULL CHECK (json_valid(`roles`)),
  `active` tinyint(1) NOT NULL DEFAULT 1,
  `created_at` timestamp NULL DEFAULT NULL,
  `updated_at` timestamp NULL DEFAULT NULL
) ENGINE=InnoDB DEFAULT CHARSET=utf8mb4 COLLATE=utf8mb4_unicode_ci;

-- --------------------------------------------------------

--
-- Table structure for table `preference_user`
--

CREATE TABLE `preference_user` (
  `id` bigint(20) UNSIGNED NOT NULL,
  `preference_id` bigint(20) UNSIGNED NOT NULL,
  `user_id` bigint(20) UNSIGNED NOT NULL,
  `enabled` tinyint(1) NOT NULL DEFAULT 1,
  `created_at` timestamp NULL DEFAULT NULL,
  `updated_at` timestamp NULL DEFAULT NULL
) ENGINE=InnoDB DEFAULT CHARSET=utf8mb4 COLLATE=utf8mb4_unicode_ci;

-- --------------------------------------------------------

--
-- Table structure for table `profiles`
--

CREATE TABLE `profiles` (
  `id` bigint(20) UNSIGNED NOT NULL,
  `user_id` bigint(20) UNSIGNED NOT NULL,
  `username` varchar(255) COLLATE utf8mb4_unicode_ci DEFAULT NULL,
  `profile_pic` varchar(255) COLLATE utf8mb4_unicode_ci DEFAULT NULL,
  `status` int(11) NOT NULL DEFAULT 1,
  `gender` int(11) DEFAULT NULL,
  `martial_status` int(11) DEFAULT NULL,
  `blood_group` int(11) DEFAULT NULL,
  `country` varchar(255) COLLATE utf8mb4_unicode_ci DEFAULT NULL,
  `address` varchar(255) COLLATE utf8mb4_unicode_ci DEFAULT NULL,
  `phone_no` longtext CHARACTER SET utf8mb4 COLLATE utf8mb4_bin DEFAULT NULL CHECK (json_valid(`phone_no`)),
  `email` varchar(255) COLLATE utf8mb4_unicode_ci DEFAULT NULL,
  `birthday` varchar(255) COLLATE utf8mb4_unicode_ci DEFAULT NULL,
  `facebook` varchar(255) COLLATE utf8mb4_unicode_ci DEFAULT NULL,
  `instagram` varchar(255) COLLATE utf8mb4_unicode_ci DEFAULT NULL,
  `twitter` varchar(255) COLLATE utf8mb4_unicode_ci DEFAULT NULL,
  `linkedin` varchar(255) COLLATE utf8mb4_unicode_ci DEFAULT NULL,
  `father_name` varchar(255) COLLATE utf8mb4_unicode_ci DEFAULT NULL,
  `mother_name` varchar(255) COLLATE utf8mb4_unicode_ci DEFAULT NULL,
  `created_at` timestamp NULL DEFAULT NULL,
  `updated_at` timestamp NULL DEFAULT NULL
) ENGINE=InnoDB DEFAULT CHARSET=utf8mb4 COLLATE=utf8mb4_unicode_ci;

--
-- Dumping data for table `profiles`
--

INSERT INTO `profiles` (`id`, `user_id`, `username`, `profile_pic`, `status`, `gender`, `martial_status`, `blood_group`, `country`, `address`, `phone_no`, `email`, `birthday`, `facebook`, `instagram`, `twitter`, `linkedin`, `father_name`, `mother_name`, `created_at`, `updated_at`) VALUES
(1, 1, NULL, 'admin/user/rj9bqiCY6oOub9h2g1n6gUXVN1ICTsSXsR5z1m2x.jpg', 1, NULL, NULL, NULL, 'Uganda', NULL, NULL, NULL, NULL, NULL, NULL, NULL, NULL, NULL, NULL, '2022-10-03 08:28:21', '2022-10-29 16:10:34'),
(2, 2, 'alex.mwotil', 'admin/user/4dAbFs8wCz1L3ymaemwLSP9WoXwsIbpFW0tIijJI.jpg', 1, NULL, NULL, NULL, 'Uganda', 'The Edge, Makerere University, Kampala', '[\"+256772084725\"]', NULL, NULL, NULL, NULL, NULL, NULL, NULL, NULL, '2022-10-03 11:04:38', '2022-10-03 11:59:12'),
(8, 16, NULL, NULL, 1, NULL, NULL, NULL, NULL, NULL, NULL, NULL, NULL, NULL, NULL, NULL, NULL, NULL, NULL, '2022-10-04 10:48:31', '2022-10-04 10:48:31'),
(9, 17, NULL, NULL, 1, NULL, NULL, NULL, NULL, NULL, NULL, NULL, NULL, NULL, NULL, NULL, NULL, NULL, NULL, '2022-10-04 10:49:54', '2022-10-04 10:49:54'),
(10, 18, NULL, NULL, 1, NULL, NULL, NULL, NULL, NULL, NULL, NULL, NULL, NULL, NULL, NULL, NULL, NULL, NULL, '2022-10-04 10:51:43', '2022-10-04 10:51:43'),
(11, 19, NULL, NULL, 1, NULL, NULL, NULL, NULL, NULL, NULL, NULL, NULL, NULL, NULL, NULL, NULL, NULL, NULL, '2022-10-04 10:53:38', '2022-10-04 10:53:38'),
(12, 20, NULL, NULL, 1, NULL, NULL, NULL, NULL, NULL, NULL, NULL, NULL, NULL, NULL, NULL, NULL, NULL, NULL, '2022-10-04 10:54:43', '2022-10-04 10:54:43'),
(13, 21, NULL, NULL, 1, NULL, NULL, NULL, NULL, NULL, NULL, NULL, NULL, NULL, NULL, NULL, NULL, NULL, NULL, '2022-10-04 10:57:57', '2022-10-04 10:57:57'),
(14, 22, NULL, NULL, 1, NULL, NULL, NULL, NULL, NULL, NULL, NULL, NULL, NULL, NULL, NULL, NULL, NULL, NULL, '2022-10-04 11:16:50', '2022-10-04 11:16:50'),
(15, 23, NULL, NULL, 1, NULL, NULL, NULL, NULL, NULL, NULL, NULL, NULL, NULL, NULL, NULL, NULL, NULL, NULL, '2022-10-04 11:18:08', '2022-10-04 11:18:08'),
(16, 24, NULL, NULL, 1, NULL, NULL, NULL, NULL, NULL, NULL, NULL, NULL, NULL, NULL, NULL, NULL, NULL, NULL, '2022-10-04 11:19:03', '2022-10-04 11:19:03'),
(17, 25, NULL, NULL, 1, NULL, NULL, NULL, NULL, NULL, NULL, NULL, NULL, NULL, NULL, NULL, NULL, NULL, NULL, '2022-10-04 11:22:18', '2022-10-04 11:22:18'),
(18, 26, NULL, NULL, 1, NULL, NULL, NULL, NULL, NULL, NULL, NULL, NULL, NULL, NULL, NULL, NULL, NULL, NULL, '2022-10-04 11:32:57', '2022-10-04 11:32:57'),
(19, 27, NULL, NULL, 1, NULL, NULL, NULL, 'Sudan', NULL, NULL, NULL, NULL, NULL, NULL, NULL, NULL, NULL, NULL, '2022-10-04 11:35:19', '2022-11-13 16:03:53'),
(20, 28, NULL, NULL, 1, NULL, NULL, NULL, NULL, NULL, NULL, NULL, NULL, NULL, NULL, NULL, NULL, NULL, NULL, '2022-10-04 11:36:31', '2022-10-04 11:36:31'),
(21, 29, NULL, NULL, 1, NULL, NULL, NULL, 'South Africa', NULL, NULL, NULL, NULL, NULL, NULL, NULL, NULL, NULL, NULL, '2022-10-04 11:39:44', '2022-11-10 10:44:22'),
(22, 30, NULL, NULL, 1, NULL, NULL, NULL, NULL, NULL, NULL, NULL, NULL, NULL, NULL, NULL, NULL, NULL, NULL, '2022-10-04 11:42:55', '2022-10-04 11:42:55'),
(23, 31, NULL, NULL, 1, NULL, NULL, NULL, NULL, NULL, NULL, NULL, NULL, NULL, NULL, NULL, NULL, NULL, NULL, '2022-10-04 11:46:22', '2022-10-04 11:46:22'),
(24, 32, NULL, 'admin/user/wTdJ263jM0qvIWLRRIB4BeoWgaRVchzhhYVXT6qn.jpg', 1, NULL, NULL, NULL, 'Nepal', NULL, NULL, NULL, NULL, NULL, NULL, NULL, NULL, NULL, NULL, '2022-10-30 09:07:16', '2022-10-30 10:46:42');

-- --------------------------------------------------------

--
-- Table structure for table `questions`
--

CREATE TABLE `questions` (
  `id` bigint(20) UNSIGNED NOT NULL,
  `name` longtext COLLATE utf8mb4_unicode_ci NOT NULL,
  `options` longtext COLLATE utf8mb4_unicode_ci NOT NULL,
  `type` varchar(255) COLLATE utf8mb4_unicode_ci NOT NULL,
  `surveyid` varchar(255) COLLATE utf8mb4_unicode_ci NOT NULL,
  `userid` varchar(255) COLLATE utf8mb4_unicode_ci NOT NULL,
  `created_at` timestamp NULL DEFAULT NULL,
  `updated_at` timestamp NULL DEFAULT NULL,
  `step` int(11) NOT NULL
) ENGINE=InnoDB DEFAULT CHARSET=utf8mb4 COLLATE=utf8mb4_unicode_ci;

--
-- Dumping data for table `questions`
--

INSERT INTO `questions` (`id`, `name`, `options`, `type`, `surveyid`, `userid`, `created_at`, `updated_at`, `step`) VALUES
(1, 'how to drive', '', 'text', '13', '1', '2022-09-11 16:32:47', NULL, 1),
(2, 'how to move', 'YES,NO', 'single', '13', '1', '2022-09-11 16:33:39', NULL, 1),
(3, 'how to drive', '', 'text', '14', '2', '2022-09-12 05:34:52', NULL, 1);

-- --------------------------------------------------------

--
-- Table structure for table `roles`
--

CREATE TABLE `roles` (
  `id` bigint(20) UNSIGNED NOT NULL,
  `name` varchar(255) COLLATE utf8mb4_unicode_ci NOT NULL,
  `description` text COLLATE utf8mb4_unicode_ci DEFAULT NULL,
  `level` int(11) NOT NULL DEFAULT 0,
  `created_at` timestamp NULL DEFAULT NULL,
  `updated_at` timestamp NULL DEFAULT NULL
) ENGINE=InnoDB DEFAULT CHARSET=utf8mb4 COLLATE=utf8mb4_unicode_ci;

--
-- Dumping data for table `roles`
--

INSERT INTO `roles` (`id`, `name`, `description`, `level`, `created_at`, `updated_at`) VALUES
(1, 'superadmin', 'This is a super admin user', 5, NULL, NULL),
(2, 'admin', 'This is an admin user', 4, NULL, NULL),
(5, 'user', 'This is an normal user', 1, NULL, NULL);

-- --------------------------------------------------------

--
-- Table structure for table `role_user`
--

CREATE TABLE `role_user` (
  `id` bigint(20) UNSIGNED NOT NULL,
  `role_id` bigint(20) UNSIGNED NOT NULL,
  `user_id` bigint(20) UNSIGNED NOT NULL,
  `created_at` timestamp NULL DEFAULT NULL,
  `updated_at` timestamp NULL DEFAULT NULL
) ENGINE=InnoDB DEFAULT CHARSET=utf8mb4 COLLATE=utf8mb4_unicode_ci;

--
-- Dumping data for table `role_user`
--

INSERT INTO `role_user` (`id`, `role_id`, `user_id`, `created_at`, `updated_at`) VALUES
(1, 2, 1, '2022-10-03 08:28:21', '2022-10-03 08:28:21'),
(2, 5, 2, '2022-10-03 11:04:38', '2022-10-03 11:04:38'),
(8, 5, 16, '2022-10-04 10:48:31', '2022-10-04 10:48:31'),
(9, 5, 17, '2022-10-04 10:49:54', '2022-10-04 10:49:54'),
(10, 5, 18, '2022-10-04 10:51:43', '2022-10-04 10:51:43'),
(11, 5, 19, '2022-10-04 10:53:38', '2022-10-04 10:53:38'),
(12, 5, 20, '2022-10-04 10:54:43', '2022-10-04 10:54:43'),
(13, 5, 21, '2022-10-04 10:57:57', '2022-10-04 10:57:57'),
(14, 5, 22, '2022-10-04 11:16:50', '2022-10-04 11:16:50'),
(15, 5, 23, '2022-10-04 11:18:08', '2022-10-04 11:18:08'),
(16, 5, 24, '2022-10-04 11:19:03', '2022-10-04 11:19:03'),
(17, 5, 25, '2022-10-04 11:22:18', '2022-10-04 11:22:18'),
(18, 5, 26, '2022-10-04 11:32:57', '2022-10-04 11:32:57'),
(19, 5, 27, '2022-10-04 11:35:19', '2022-10-04 11:35:19'),
(20, 5, 28, '2022-10-04 11:36:31', '2022-10-04 11:36:31'),
(21, 5, 29, '2022-10-04 11:39:44', '2022-10-04 11:39:44'),
(22, 5, 30, '2022-10-04 11:42:55', '2022-10-04 11:42:55'),
(23, 5, 31, '2022-10-04 11:46:22', '2022-10-04 11:46:22'),
(24, 5, 32, '2022-10-30 09:07:16', '2022-10-30 09:07:16');

-- --------------------------------------------------------

--
-- Table structure for table `saved`
--

CREATE TABLE `saved` (
  `id` bigint(20) UNSIGNED NOT NULL,
  `name` longtext COLLATE utf8mb4_unicode_ci NOT NULL,
  `questionid` varchar(255) COLLATE utf8mb4_unicode_ci NOT NULL,
  `surveyid` varchar(255) COLLATE utf8mb4_unicode_ci NOT NULL,
  `userid` varchar(255) COLLATE utf8mb4_unicode_ci NOT NULL,
  `created_at` timestamp NULL DEFAULT NULL,
  `updated_at` timestamp NULL DEFAULT NULL
) ENGINE=InnoDB DEFAULT CHARSET=utf8mb4 COLLATE=utf8mb4_unicode_ci;

-- --------------------------------------------------------

--
-- Table structure for table `settings`
--

CREATE TABLE `settings` (
  `id` bigint(20) UNSIGNED NOT NULL,
  `setting_name` varchar(255) COLLATE utf8mb4_unicode_ci NOT NULL,
  `string_value` varchar(255) COLLATE utf8mb4_unicode_ci DEFAULT NULL,
  `integer_value` int(11) DEFAULT NULL,
  `text_value` text COLLATE utf8mb4_unicode_ci DEFAULT NULL,
  `boolean_value` tinyint(1) DEFAULT NULL,
  `setting_json` longtext CHARACTER SET utf8mb4 COLLATE utf8mb4_bin DEFAULT NULL CHECK (json_valid(`setting_json`)),
  `setting_custom` longtext CHARACTER SET utf8mb4 COLLATE utf8mb4_bin DEFAULT NULL CHECK (json_valid(`setting_custom`)),
  `setting_type` int(11) NOT NULL,
  `setting_group` varchar(255) COLLATE utf8mb4_unicode_ci NOT NULL DEFAULT 'general',
  `created_at` timestamp NULL DEFAULT NULL,
  `updated_at` timestamp NULL DEFAULT NULL
) ENGINE=InnoDB DEFAULT CHARSET=utf8mb4 COLLATE=utf8mb4_unicode_ci;

-- --------------------------------------------------------

--
-- Table structure for table `surveys`
--

CREATE TABLE `surveys` (
  `id` bigint(20) UNSIGNED NOT NULL,
  `userid` varchar(255) COLLATE utf8mb4_unicode_ci NOT NULL,
  `title` varchar(255) COLLATE utf8mb4_unicode_ci NOT NULL,
  `details` longtext COLLATE utf8mb4_unicode_ci NOT NULL,
  `year` varchar(255) COLLATE utf8mb4_unicode_ci NOT NULL,
  `start` date NOT NULL,
  `end` date NOT NULL,
  `created_at` timestamp NULL DEFAULT NULL,
  `updated_at` timestamp NULL DEFAULT NULL,
  `step` int(11) NOT NULL,
  `status` varchar(255) COLLATE utf8mb4_unicode_ci NOT NULL
) ENGINE=InnoDB DEFAULT CHARSET=utf8mb4 COLLATE=utf8mb4_unicode_ci;

--
-- Dumping data for table `surveys`
--

INSERT INTO `surveys` (`id`, `userid`, `title`, `details`, `year`, `start`, `end`, `created_at`, `updated_at`, `step`, `status`) VALUES
(22, '1', 'Online Fiche Survey For 2021', 'Welcome to the data collection form for 2021', '2021', '2022-11-07', '2022-11-30', '2022-11-10 13:51:46', '2022-11-13 14:51:09', 0, 'running'),
(23, '1', 'Online Fiche Survey For 2022', 'Welcome to the data collaction tool for 2022', '2022', '2022-11-13', '2022-12-13', '2022-11-13 15:33:06', NULL, 0, 'running');

-- --------------------------------------------------------

--
-- Table structure for table `surveystatus`
--

CREATE TABLE `surveystatus` (
  `id` bigint(20) UNSIGNED NOT NULL,
  `surveyid` varchar(255) COLLATE utf8mb4_unicode_ci NOT NULL,
  `userid` varchar(255) COLLATE utf8mb4_unicode_ci NOT NULL,
  `status` varchar(255) COLLATE utf8mb4_unicode_ci NOT NULL,
  `created_at` timestamp NULL DEFAULT NULL,
  `updated_at` timestamp NULL DEFAULT NULL
) ENGINE=InnoDB DEFAULT CHARSET=utf8mb4 COLLATE=utf8mb4_unicode_ci;

--
-- Dumping data for table `surveystatus`
--

INSERT INTO `surveystatus` (`id`, `surveyid`, `userid`, `status`, `created_at`, `updated_at`) VALUES
(45, '22', '20', 'answered', '2022-11-13 15:26:47', NULL),
(46, '22', '21', 'answered', '2022-11-13 15:43:47', NULL),
(47, '22', '22', 'answered', '2022-11-13 15:57:41', NULL),
(48, '22', '23', 'answered', '2022-11-13 18:51:37', NULL),
(49, '22', '24', 'answered', '2022-11-13 19:02:01', NULL),
(50, '22', '25', 'answered', '2022-11-13 19:11:08', NULL),
(51, '22', '26', 'answered', '2022-11-13 19:20:55', NULL),
(52, '22', '31', 'answered', '2022-11-13 19:27:24', NULL),
(53, '22', '27', 'answered', '2022-11-13 19:43:20', NULL),
(54, '22', '28', 'answered', '2022-11-13 19:55:03', NULL),
(55, '22', '29', 'answered', '2022-11-13 20:01:30', NULL),
(56, '22', '15', 'answered', '2022-11-13 20:07:05', NULL),
(57, '22', '30', 'answered', '2022-11-13 20:12:46', NULL);

-- --------------------------------------------------------

--
-- Table structure for table `template`
--

CREATE TABLE `template` (
  `id` bigint(20) UNSIGNED NOT NULL,
  `name` longtext COLLATE utf8mb4_unicode_ci NOT NULL,
  `options` longtext COLLATE utf8mb4_unicode_ci NOT NULL,
  `type` varchar(255) COLLATE utf8mb4_unicode_ci NOT NULL,
  `surveyid` varchar(255) COLLATE utf8mb4_unicode_ci NOT NULL,
  `userid` varchar(255) COLLATE utf8mb4_unicode_ci NOT NULL,
  `created_at` timestamp NULL DEFAULT NULL,
  `updated_at` timestamp NULL DEFAULT NULL,
  `step` int(11) NOT NULL
) ENGINE=InnoDB DEFAULT CHARSET=utf8mb4 COLLATE=utf8mb4_unicode_ci;

--
-- Dumping data for table `template`
--

INSERT INTO `template` (`id`, `name`, `options`, `type`, `surveyid`, `userid`, `created_at`, `updated_at`, `step`) VALUES
(1, 'Website', '', 'text', '0', '1', NULL, NULL, 1),
(2, 'When was your NREN? established', '', 'text', '0', '1', NULL, NULL, 1),
(3, 'Mission statement', '', 'textarea', '0', '1', NULL, NULL, 1),
(4, 'Vision Statement:\r\n', 'text', 'textarea', '', '1', NULL, NULL, 1),
(10, '1. Legal entity type (please select as appropriate):', '{\"first\":\"Not-for-profit membership organisation\",\"second\":\"Not-for-profit company or trust\",\"third\":\"Limited liability company\",\"fouth\":\"Government entity\",\"fifth\":\"Other\"}', 'checkbox', '', '1', NULL, NULL, 2),
(11, 'Other (please specify)', '', 'text', '', '', NULL, NULL, 2),
(12, '2. What is your top level of Governance?', '{\"first\":\"Board\",\"second\":\"General Assembly\",\"third\":\"Other\"}', 'checkbox', '', '', NULL, NULL, 2),
(14, 'Other(Please specify)', '', 'text', '', '', NULL, NULL, 2),
(15, '3. What is the composition of the Board or General Assembly?', '', 'textarea', '', '', NULL, NULL, 2),
(16, '4. Are you officially recognised by your Ministry in charge of higher education? ', '', 'radio', '', '', NULL, NULL, 2),
(17, '5. Are you officially recognised by your Ministry in charge of ICT?', '', 'radio', '', '', NULL, NULL, 2),
(18, '6. Are you licensed by your regulator? ', '', 'radio', '', '', NULL, NULL, 2),
(19, '7. Do you receive and direct funding or grants from your government? ', '', 'radio', '', '', NULL, NULL, 2),
(20, '8. Which of the following documents does your organisation have? (names may vary, select all that apply)', '{\"first\":\"Annual approved budget\",\"second\":\"Strategic Plan\",\"third\":\"Business Plan\",\"fourth\":\"Marketing and communication Plan\",\"fifth\":\"Services Catalogue\",\"sixth\":\"Acceptable Use Policy \",\"seventh\":\"Network architecture plan\",\"eighth\":\"Capacity Building Plan\"}', 'checkbox', '', '', NULL, NULL, 2),
(21, '1.Current number of full time staff(Male)?', '', 'number', '', '', NULL, NULL, 3),
(22, 'Current number of full time staff(Female)?', '', 'number', '', '', NULL, NULL, 3),
(23, '2. Current of vacant positions?', '', 'number', '', '', NULL, NULL, 3),
(24, '3. Expected number of new staff recruited in the coming year?', '', 'number', '', '', NULL, NULL, 3),
(25, '4a. Do you have challenges in recruiting technical staff? (Yes/No)', '', 'radio', '', '', NULL, NULL, 3),
(26, '4b. If yes, please, explain.', '', 'textarea', '', '', NULL, NULL, 3),
(27, '1. Do you operate a national network?', '', 'radio', '', '', NULL, NULL, 4),
(28, '2a. Links in your network are owned by (Check all that apply)', '{\"first\":\"State Operators\",\"second\":\"Private Sector Operators\",\"third\":\"Other (please specify)\"}', 'checkbox', 'optional', '', NULL, NULL, 4),
(29, 'Other(please specify)', '', 'text', 'optional', '', NULL, NULL, 4),
(31, '2b. You acquired the links in your network (Check all that apply)', '{\"first\":\"Through a tender process\",\"second\":\"Provide by a government entity\",\"third\":\"Other (please specify)\"}', 'checkbox', 'optional', '', NULL, NULL, 4),
(32, 'Other(please specify)', '', 'text', 'optional', '', NULL, NULL, 4),
(33, '2c. How often do you review/upgrade your network?', '', 'text', 'optional', '', NULL, NULL, 4),
(34, '2d. When was the last major upgrade done?', '', 'text', 'optional', '', NULL, NULL, 4),
(35, '2e. When is the next planned upgrade?', '', 'text', 'optional', '', NULL, NULL, 4),
(36, '2f. What is the average capacity of your network backbone (Gbps)?', '', 'number', 'optional', '', NULL, NULL, 4),
(37, '2g. What is your average price per Mbps/month for connectivity offered to members (in US$)?', '', 'number', 'optional', '', NULL, NULL, 4),
(38, '2h. How many Points of Presence (PoPs)?', '', 'number', 'optional', '', NULL, NULL, 4),
(39, '2i. Your network (check all that apply)', '{\"first\":\"Extends to institutions\",\"second\":\"Requires institutions to link to nearest PoP\"}', 'checkbox', 'optional', '', NULL, NULL, 4),
(40, '2j. Please attached network topology map?', '', 'file', 'optional', '', NULL, NULL, 4),
(41, '2k.Does you connects directly to both the UbuntuNet Network POP and commercial connectivity providers?', '', 'radio', 'optional', '', NULL, NULL, 4),
(42, '2l. If yes, please indicate percentage capacity for UbuntuNet Network in %', '', 'number', 'optional', '', NULL, NULL, 4),
(43, 'If yes, please indicate percentage capacity for Commercial providers in %', '', 'number', 'optional', '', NULL, NULL, 4),
(50, '1. Which of the following services do you offer (check all that apply):', '{\"first\":\"DNS services (e.g. domain name translations and pointer records)\",\"second\":\"Network Operations Centre (NOC) services (e.g. traffic analysis and monitoring tools)\",\"third\":\"Cybersecurity services\",\"fourth\":\"eduGAIN\"}', 'checkbox', '', '', NULL, NULL, 5),
(51, ' No. of participant institutions:', '', 'number', '', '', NULL, NULL, 5),
(52, 'No. of eduroam access points:  ', '', 'number', '', '', NULL, NULL, 5),
(53, 'Name', '', 'text', '', '', NULL, NULL, 5),
(54, 'Number of Identify Providers (IdPs)', '', 'number', '', '', NULL, NULL, 5),
(55, 'Number of Service Providers (SPs:)', '', 'number', '', '', NULL, NULL, 5),
(56, 'Content Caches (check all that apply):', '{\"first\":\"Google\",\"second\":\"Facebook\",\"third\":\"Other (please specify)\"}', 'checkbox', '', '', NULL, NULL, 5),
(57, 'Other (please specify)', '', 'text', '', '', NULL, NULL, 5),
(58, 'Learning Management Systems (check all that apply):', '{\"first\":\"Moodle\",\"third\":\"Other (please specify)\"}', 'checkbox', '', '', NULL, NULL, 5),
(59, 'Other (please specify)', '', 'text', '', '', NULL, NULL, 5),
(60, 'Content management services (Please specify)', '', 'textarea', '', '', NULL, NULL, 5),
(61, 'Research enabling tools (check all that apply):', '{\"first\":\"Simulation platforms\",\"second\":\"High Performance Computing\",\"fourth\":\"Repositories\",\"third\":\"Other (please specify)\"}', 'checkbox', '', '', NULL, NULL, 5),
(62, 'Other(Please specify)', '', 'text', '', '', NULL, NULL, 5),
(63, 'Teleconferencing services (check all that apply)', '{\"first\":\"VoIP\",\"second\":\"Video conferencing eg Big Blue Button\",\"third\":\"Other (please specify)\"}', 'checkbox', '', '', NULL, NULL, 5),
(64, 'Other(Please specify)', '', 'text', '', '', NULL, NULL, 5),
(65, 'Data centre services (check all that apply)', '{\"first\":\"Virtual machines\",\"second\":\"Co-location of servers\",\"third\":\"Other (please specify)\"}', 'checkbox', '', '', NULL, NULL, 5),
(66, 'Other(Please specify)', '', 'text', '', '', NULL, NULL, 5),
(67, 'Capacity building services (check all that apply)', '{\"first\":\"Workshops and seminars\",\"second\":\"Direct Engineering Assistance\",\"third\":\"Other (please specify)\"}', 'checkbox', '', '', NULL, NULL, 5),
(68, 'Other(please specify)', '', 'text', '', '', NULL, NULL, 5),
(69, 'Please specify any other service.', '', 'textarea', '', '', NULL, NULL, 5),
(70, '2. Which new services due you plan to bring online in the next one year? ', '', 'textarea', '', '', NULL, NULL, 5),
(80, 'A monopoly. Please state supplier ', '', 'text', '', '', NULL, NULL, 6),
(81, 'Duopoly. Please list suppliers', '', 'textarea', '', '', NULL, NULL, 6),
(82, 'Competition (multiple players). Please list suppliers ', '', 'textarea', '', '', NULL, NULL, 6),
(83, '2. What are the main obstacles to provision of better services to your members (please select all that apply): ', '{\"first\":\"Policy and regulation\",\"second\":\"Lack of awareness among members\",\"third\":\"High cost of bandwidth\",\"fourth\":\"Competition from existing providers \",\"fifth\":\"Other (please specify)\"}', 'checkbox', '', '', NULL, NULL, 6),
(84, 'Other(Please supply)', '', 'text', '', '', NULL, NULL, 6),
(85, 'Who are your main customers: (select all that apply)', '{\"first\":\"Universities and colleges\",\"second\":\"TVETs\",\"third\":\"Research Institutes\",\"fourth\":\"Hospitals\",\"fifth\":\"Secondary schools\",\"sixth\":\"Primary schools\"}', 'checkbox', '', '', NULL, NULL, 6),
(86, 'What is your value proposition to your customers (A value proposition is a definitive expression or statement of the concrete outcome of using your service. It serves to explain to your potential customer WHY they should buy your service in a language that is relevant to and understandable by them. It is a clear statement of tangible results a customer gets from your service.)?', '', 'textarea', '', '', NULL, NULL, 6),
(87, 'How do you interact with your customers?', '', 'textarea', '', '', NULL, NULL, 6),
(88, 'Who are some of your key partners.', '', 'textarea', '', '', NULL, NULL, 6),
(89, 'Operating budget', '', 'number', '', '', NULL, NULL, 6),
(90, 'Investment budget', '', 'number', '', '', NULL, NULL, 6),
(91, 'What are your revenue streams (check all that apply):', '{\"first\":\"Membership fees\",\"second\":\"Government grants\",\"third\":\"Donations\",\"fourth\":\"Connectivity fees\",\"fifth\":\"Fees from services\",\"sixth\":\"Other sources (please specify)\"}', 'checkbox', '', '', NULL, NULL, 6),
(92, 'Other(please specify)', '', 'text', '', '', NULL, NULL, 6),
(93, 'Estimated number in the country', '', 'number', '', '', NULL, NULL, 7),
(96, 'Estimate total students and staff', '', 'number', '', '', NULL, NULL, 7),
(97, 'Number of institutions that are members', '', 'number', '', '', NULL, NULL, 7),
(98, 'Number of institutions connected', '', 'number', '', '', NULL, NULL, 7),
(99, 'Average bandwidth (in Mbps) per institution', '', 'number', '', '', NULL, NULL, 7),
(100, 'Number of students and staff connected', '', 'number', '', '', NULL, NULL, 7),
(101, 'Estimated number in the country', '', 'number', '', '', NULL, NULL, 7),
(102, 'Estimate total students and staff', '', 'number', '', '', NULL, NULL, 7),
(103, 'Number of institutions that are members', '', 'number', '', '', NULL, NULL, 7),
(104, 'Number of institutions connected', '', 'number', '', '', NULL, NULL, 7),
(105, 'Average bandwidth (in Mbps) per institution', '', 'number', '', '', NULL, NULL, 7),
(106, 'Number of students and staff connected', '', 'number', '', '', NULL, NULL, 7),
(107, 'Estimated number in the country', '', 'number', '', '', NULL, NULL, 7),
(108, 'Estimate total students and staff', '', 'number', '', '', NULL, NULL, 7),
(109, 'Number of institutions that are members', '', 'number', '', '', NULL, NULL, 7),
(110, 'Number of institutions connected', '', 'number', '', '', NULL, NULL, 7),
(111, 'Average bandwidth (in Mbps) per institution', '', 'number', '', '', NULL, NULL, 7),
(112, 'Number of students and staff connected', '', 'number', '', '', NULL, NULL, 7),
(113, 'Estimated number in the country', '', 'number', '', '', NULL, NULL, 7),
(114, 'Estimate total students and staff', '', 'number', '', '', NULL, NULL, 7),
(115, 'Number of institutions that are members', '', 'number', '', '', NULL, NULL, 7),
(116, 'Number of institutions connected', '', 'number', '', '', NULL, NULL, 7),
(117, 'Average bandwidth (in Mbps) per institution', '', 'number', '', '', NULL, NULL, 7),
(118, 'Number of students and staff connected', '', 'number', '', '', NULL, NULL, 7),
(119, 'Estimated number in the country', '', 'number', '', '', NULL, NULL, 7),
(120, 'Estimate total students and staff', '', 'number', '', '', NULL, NULL, 7),
(121, 'Number of institutions that are members', '', 'number', '', '', NULL, NULL, 7),
(122, 'Number of institutions connected', '', 'number', '', '', NULL, NULL, 7),
(123, 'Average bandwidth (in Mbps) per institution', '', 'number', '', '', NULL, NULL, 7),
(124, 'Number of students and staff connected', '', 'number', '', '', NULL, NULL, 7),
(125, 'Estimated number in the country', '', 'number', '', '', NULL, NULL, 7),
(126, 'Estimate total students and staff', '', 'number', '', '', NULL, NULL, 7),
(127, 'Number of institutions that are members', '', 'number', '', '', NULL, NULL, 7),
(128, 'Number of institutions connected', '', 'number', '', '', NULL, NULL, 7),
(129, 'Average bandwidth (in Mbps) per institution', '', 'number', '', '', NULL, NULL, 7),
(130, 'Number of students and staff connected', '', 'number', '', '', NULL, NULL, 7),
(131, 'Estimated number in the country', '', 'number', '', '', NULL, NULL, 7),
(132, 'Estimate total students and staff', '', 'number', '', '', NULL, NULL, 7),
(133, 'Number of institutions that are members', '', 'number', '', '', NULL, NULL, 7),
(134, 'Number of institutions connected', '', 'number', '', '', NULL, NULL, 7),
(135, 'Average bandwidth (in Mbps) per institution', '', 'number', '', '', NULL, NULL, 7),
(136, 'Number of students and staff connected', '', 'number', '', '', NULL, NULL, 7),
(137, 'Estimated number in the country', '', 'number', '', '', NULL, NULL, 7),
(138, 'Estimate total students and staff', '', 'number', '', '', NULL, NULL, 7),
(139, 'Number of institutions that are members', '', 'number', '', '', NULL, NULL, 7),
(140, 'Number of institutions connected', '', 'number', '', '', NULL, NULL, 7),
(141, 'Average bandwidth (in Mbps) per institution', '', 'number', '', '', NULL, NULL, 7),
(142, 'Number of students and staff connected', '', 'number', '', '', NULL, NULL, 7),
(143, 'Estimated number in the country', '', 'number', '', '', NULL, NULL, 7),
(144, 'Estimate total students and staff', '', 'number', '', '', NULL, NULL, 7),
(145, 'Number of institutions that are members', '', 'number', '', '', NULL, NULL, 7),
(146, 'Number of institutions connected', '', 'number', '', '', NULL, NULL, 7),
(147, 'Average bandwidth (in Mbps) per institution', '', 'number', '', '', NULL, NULL, 7),
(148, 'Number of students and staff connected', '', 'number', '', '', NULL, NULL, 7);

-- --------------------------------------------------------

--
-- Table structure for table `users`
--

CREATE TABLE `users` (
  `id` bigint(20) UNSIGNED NOT NULL,
  `name` varchar(255) COLLATE utf8mb4_unicode_ci NOT NULL,
  `email` varchar(255) COLLATE utf8mb4_unicode_ci NOT NULL,
  `email_verified_at` timestamp NULL DEFAULT NULL,
  `password` varchar(255) COLLATE utf8mb4_unicode_ci NOT NULL,
  `remember_token` varchar(100) COLLATE utf8mb4_unicode_ci DEFAULT NULL,
  `created_at` timestamp NULL DEFAULT NULL,
  `updated_at` timestamp NULL DEFAULT NULL
) ENGINE=InnoDB DEFAULT CHARSET=utf8mb4 COLLATE=utf8mb4_unicode_ci;

--
-- Dumping data for table `users`
--

INSERT INTO `users` (`id`, `name`, `email`, `email_verified_at`, `password`, `remember_token`, `created_at`, `updated_at`) VALUES
(1, 'Admin User', 'admin@admin.com', NULL, '$2y$10$QXnDszrH/9TAmw7wwKB1QeTZUxkKqOFh9P6R8qvxgJiSvMUXNgO/y', 'mxsBO2if8pgGo7xwPWkJLgWyJzS8YLqDkYsON0LQ4XPROJ3HcFb1tbPTH05j', '2022-10-03 08:28:21', '2022-10-03 08:28:21'),
(2, 'Alex', 'alex.mwotil@ubuntunet.net', NULL, '$2y$10$maZpxGON69aJBi2wSo4uRuND5zs3qZaM043FJSr4MHLIVCYLVLHFa', NULL, '2022-10-03 11:04:38', '2022-10-03 11:04:38'),
(16, 'Solomon Dindi', 's.dindi@maren.ac.mw', NULL, '$2y$10$sSdibmq.u3JKB.p0ebKgBuyCf7wJ9hXPdlTy6P1Bqip3Zk7O02njK', NULL, '2022-10-04 10:48:31', '2022-10-04 10:48:31'),
(17, 'Gregoire Njejimana', 'gregoire.njejimana@gmail.com', NULL, '$2y$10$PckpjGNz1oVoGmsbLF.UNucCN.eU1uTOp43gN/xYr2ZBxNAzE8h2i', NULL, '2022-10-04 10:49:54', '2022-10-04 10:49:54'),
(18, 'Shedden Masupe', 'smasupe@bitri.co.bw', NULL, '$2y$10$F59yokF/410uO1ydEpFya.08msbHdh8Nzkib3B92V6Un14BIZYqi6', NULL, '2022-10-04 10:51:43', '2022-10-04 10:51:43'),
(19, 'Pierre Kasengedia', 'pierre.kasengedia@ista.ac.cd', NULL, '$2y$10$4TFgKiGo45oBYuUvOOLdpuYtoWZ/SyfKX6xEKGgHsUXMpL1d.cLja', NULL, '2022-10-04 10:53:38', '2022-10-04 10:53:38'),
(20, 'Zelalem Asefa', 'zelalem@ethernet.edu.et', NULL, '$2y$10$d1SFY9pK4WYkJ2ukowY.TuXgOrb5kqf/eVSVPBfuW89WtGUXUGC42', NULL, '2022-10-04 10:54:43', '2022-10-04 10:54:43'),
(21, 'Harinaina Ravelomanantsoa', 'harinaina.ravelomanantsoa@irenala.edu.mg', NULL, '$2y$10$SwV9TEy6c6W7XDlWTW9f7eQxDCaFY.4raBh9wWAZNVzMDXOQatBuG', NULL, '2022-10-04 10:57:57', '2022-10-04 10:57:57'),
(22, 'Meoli Kashorda', 'mkashorda@kenet.or.ke', NULL, '$2y$10$7lmei9VrWW6ecwO/ILc3GuEi73HX/L.VHAs4LLrmMKdfbdrDKPvnq', NULL, '2022-10-04 11:16:50', '2022-10-04 11:16:50'),
(23, 'Erminio Jasse', 'erminio.jasse@inage.gov.mz', NULL, '$2y$10$m3Ft47PdAuAfowukVcdZF.wCphbjy.TGWPvS3h61YDAL8kf4mFhYm', NULL, '2022-10-04 11:18:08', '2022-10-04 11:18:08'),
(24, 'Nicholas Mbonimpa', 'ceo@renu.ac.ug', NULL, '$2y$10$1CV.vHJP4sOXCstVijOB.uwKv5ZdHAKaLzGRvhCLG04/HmlfaGJLi', NULL, '2022-10-04 11:19:03', '2022-10-04 11:19:03'),
(25, 'Eugene Karangwa', 'cio@ur.ac.rw', NULL, '$2y$10$sX8LkpXDMXYcWOWXIdZXAudfltVMhgINcBzuC8Judg.yD1dy9tHAy', NULL, '2022-10-04 11:22:18', '2022-10-04 11:22:18'),
(26, 'Abdullahi Hussein', 'abdillahibehi@somaliren.org', NULL, '$2y$10$nZbrtrKGEMOHpIrONfnFW.F7eaXPjXDX56gB3iypfWr/8tmTTDV6y', NULL, '2022-10-04 11:32:57', '2022-10-04 11:32:57'),
(27, 'Samir El Fadir', 'samir.elfadil@gmail.com', NULL, '$2y$10$mJdaOE1nntzpbHhVkq14eOjq5.RkSqhqvBdQiX9bO6pPAAu7OuLHG', NULL, '2022-10-04 11:35:19', '2022-10-05 12:46:09'),
(28, 'Duncan Graeves', 'dbg@tenet.ac.za', NULL, '$2y$10$xWqMh.QpmgexxdSJ2Q8/BO/AbecwvqcQMeIJqRVkdn.WbAF6/YmHm', NULL, '2022-10-04 11:36:31', '2022-10-04 11:36:31'),
(29, 'Steven Lukindo', 'stephen.lukindo@ternet.or.tz', NULL, '$2y$10$8wddNTmetZNfgyUQo/811.fC/hmvudfLsj6AceLHGRXi3TJOQ7Uni', NULL, '2022-10-04 11:39:44', '2022-10-05 09:39:22'),
(30, 'Stein Mkandawire', 'mkandaws@zamren.zm', NULL, '$2y$10$nwe54qPF2uszG6.N9xSBOeh2vC0Dr0m4p5a1JDW90iobpsyT02zgm', NULL, '2022-10-04 11:42:55', '2022-10-04 11:42:55'),
(31, 'Mirriam Chahuruva', 'mpchahuruva@hit.ac.zw', NULL, '$2y$10$vnuZqvk0rXKn7B5vEBT7.OP.euCz6XL/xUobI/b9bICv7ch3weRxC', NULL, '2022-10-04 11:46:22', '2022-10-05 22:53:12'),
(32, 'test', 'test@test.com', NULL, '$2y$10$yyQIj58KPcSCTROFyeOcIOiD8Eri2WCnEzVkesSX3/EgGLj.tVpK.', NULL, '2022-10-30 09:07:16', '2022-10-30 09:07:16');

--
-- Indexes for dumped tables
--

--
-- Indexes for table `activity_log`
--
ALTER TABLE `activity_log`
  ADD PRIMARY KEY (`id`),
  ADD KEY `subject` (`subject_type`,`subject_id`),
  ADD KEY `causer` (`causer_type`,`causer_id`),
  ADD KEY `activity_log_log_name_index` (`log_name`);

--
-- Indexes for table `answers`
--
ALTER TABLE `answers`
  ADD PRIMARY KEY (`id`);

--
-- Indexes for table `failed_jobs`
--
ALTER TABLE `failed_jobs`
  ADD PRIMARY KEY (`id`),
  ADD UNIQUE KEY `failed_jobs_uuid_unique` (`uuid`);

--
-- Indexes for table `migrations`
--
ALTER TABLE `migrations`
  ADD PRIMARY KEY (`id`);

--
-- Indexes for table `nren`
--
ALTER TABLE `nren`
  ADD PRIMARY KEY (`id`);

--
-- Indexes for table `nrenuser`
--
ALTER TABLE `nrenuser`
  ADD PRIMARY KEY (`id`);

--
-- Indexes for table `password_resets`
--
ALTER TABLE `password_resets`
  ADD KEY `password_resets_email_index` (`email`);

--
-- Indexes for table `permissions`
--
ALTER TABLE `permissions`
  ADD PRIMARY KEY (`id`),
  ADD KEY `permissions_role_id_foreign` (`role_id`);

--
-- Indexes for table `personal_access_tokens`
--
ALTER TABLE `personal_access_tokens`
  ADD PRIMARY KEY (`id`),
  ADD UNIQUE KEY `personal_access_tokens_token_unique` (`token`),
  ADD KEY `personal_access_tokens_tokenable_type_tokenable_id_index` (`tokenable_type`,`tokenable_id`);

--
-- Indexes for table `preferences`
--
ALTER TABLE `preferences`
  ADD PRIMARY KEY (`id`);

--
-- Indexes for table `preference_user`
--
ALTER TABLE `preference_user`
  ADD PRIMARY KEY (`id`);

--
-- Indexes for table `profiles`
--
ALTER TABLE `profiles`
  ADD PRIMARY KEY (`id`);

--
-- Indexes for table `questions`
--
ALTER TABLE `questions`
  ADD PRIMARY KEY (`id`);

--
-- Indexes for table `roles`
--
ALTER TABLE `roles`
  ADD PRIMARY KEY (`id`);

--
-- Indexes for table `role_user`
--
ALTER TABLE `role_user`
  ADD PRIMARY KEY (`id`);

--
-- Indexes for table `saved`
--
ALTER TABLE `saved`
  ADD PRIMARY KEY (`id`);

--
-- Indexes for table `settings`
--
ALTER TABLE `settings`
  ADD PRIMARY KEY (`id`);

--
-- Indexes for table `surveys`
--
ALTER TABLE `surveys`
  ADD PRIMARY KEY (`id`);

--
-- Indexes for table `surveystatus`
--
ALTER TABLE `surveystatus`
  ADD PRIMARY KEY (`id`);

--
-- Indexes for table `template`
--
ALTER TABLE `template`
  ADD PRIMARY KEY (`id`);

--
-- Indexes for table `users`
--
ALTER TABLE `users`
  ADD PRIMARY KEY (`id`),
  ADD UNIQUE KEY `users_email_unique` (`email`);

--
-- AUTO_INCREMENT for dumped tables
--

--
-- AUTO_INCREMENT for table `activity_log`
--
ALTER TABLE `activity_log`
  MODIFY `id` bigint(20) UNSIGNED NOT NULL AUTO_INCREMENT, AUTO_INCREMENT=122;

--
-- AUTO_INCREMENT for table `answers`
--
ALTER TABLE `answers`
  MODIFY `id` bigint(20) UNSIGNED NOT NULL AUTO_INCREMENT, AUTO_INCREMENT=1600;

--
-- AUTO_INCREMENT for table `failed_jobs`
--
ALTER TABLE `failed_jobs`
  MODIFY `id` bigint(20) UNSIGNED NOT NULL AUTO_INCREMENT;

--
-- AUTO_INCREMENT for table `migrations`
--
ALTER TABLE `migrations`
  MODIFY `id` int(10) UNSIGNED NOT NULL AUTO_INCREMENT, AUTO_INCREMENT=33;

--
-- AUTO_INCREMENT for table `nren`
--
ALTER TABLE `nren`
  MODIFY `id` bigint(20) UNSIGNED NOT NULL AUTO_INCREMENT, AUTO_INCREMENT=32;

--
-- AUTO_INCREMENT for table `nrenuser`
--
ALTER TABLE `nrenuser`
  MODIFY `id` bigint(20) UNSIGNED NOT NULL AUTO_INCREMENT, AUTO_INCREMENT=25;

--
-- AUTO_INCREMENT for table `permissions`
--
ALTER TABLE `permissions`
  MODIFY `id` bigint(20) UNSIGNED NOT NULL AUTO_INCREMENT, AUTO_INCREMENT=13;

--
-- AUTO_INCREMENT for table `personal_access_tokens`
--
ALTER TABLE `personal_access_tokens`
  MODIFY `id` bigint(20) UNSIGNED NOT NULL AUTO_INCREMENT;

--
-- AUTO_INCREMENT for table `preferences`
--
ALTER TABLE `preferences`
  MODIFY `id` bigint(20) UNSIGNED NOT NULL AUTO_INCREMENT;

--
-- AUTO_INCREMENT for table `preference_user`
--
ALTER TABLE `preference_user`
  MODIFY `id` bigint(20) UNSIGNED NOT NULL AUTO_INCREMENT;

--
-- AUTO_INCREMENT for table `profiles`
--
ALTER TABLE `profiles`
  MODIFY `id` bigint(20) UNSIGNED NOT NULL AUTO_INCREMENT, AUTO_INCREMENT=25;

--
-- AUTO_INCREMENT for table `questions`
--
ALTER TABLE `questions`
  MODIFY `id` bigint(20) UNSIGNED NOT NULL AUTO_INCREMENT, AUTO_INCREMENT=4;

--
-- AUTO_INCREMENT for table `roles`
--
ALTER TABLE `roles`
  MODIFY `id` bigint(20) UNSIGNED NOT NULL AUTO_INCREMENT, AUTO_INCREMENT=14;

--
-- AUTO_INCREMENT for table `role_user`
--
ALTER TABLE `role_user`
  MODIFY `id` bigint(20) UNSIGNED NOT NULL AUTO_INCREMENT, AUTO_INCREMENT=25;

--
-- AUTO_INCREMENT for table `saved`
--
ALTER TABLE `saved`
  MODIFY `id` bigint(20) UNSIGNED NOT NULL AUTO_INCREMENT;

--
-- AUTO_INCREMENT for table `settings`
--
ALTER TABLE `settings`
  MODIFY `id` bigint(20) UNSIGNED NOT NULL AUTO_INCREMENT;

--
-- AUTO_INCREMENT for table `surveys`
--
ALTER TABLE `surveys`
  MODIFY `id` bigint(20) UNSIGNED NOT NULL AUTO_INCREMENT, AUTO_INCREMENT=24;

--
-- AUTO_INCREMENT for table `surveystatus`
--
ALTER TABLE `surveystatus`
  MODIFY `id` bigint(20) UNSIGNED NOT NULL AUTO_INCREMENT, AUTO_INCREMENT=58;

--
-- AUTO_INCREMENT for table `template`
--
ALTER TABLE `template`
  MODIFY `id` bigint(20) UNSIGNED NOT NULL AUTO_INCREMENT, AUTO_INCREMENT=149;

--
-- AUTO_INCREMENT for table `users`
--
ALTER TABLE `users`
  MODIFY `id` bigint(20) UNSIGNED NOT NULL AUTO_INCREMENT, AUTO_INCREMENT=33;

--
-- Constraints for dumped tables
--

--
-- Constraints for table `permissions`
--
ALTER TABLE `permissions`
  ADD CONSTRAINT `permissions_role_id_foreign` FOREIGN KEY (`role_id`) REFERENCES `roles` (`id`) ON DELETE CASCADE;
COMMIT;

/*!40101 SET CHARACTER_SET_CLIENT=@OLD_CHARACTER_SET_CLIENT */;
/*!40101 SET CHARACTER_SET_RESULTS=@OLD_CHARACTER_SET_RESULTS */;
/*!40101 SET COLLATION_CONNECTION=@OLD_COLLATION_CONNECTION */;
